source_row,set,bin,k,Q2,xB,t,phi,dsig,dsig_err,delsig,delsig_err,exp d4sig (nb/Gev^4),d4sig_stat,d4sig_sys+,d4sig_sys-,exp del4sig (nb/GeV^4),del4sig_stat,del4sig_sys+,del4sig_sys-,ReH,ReHt,ReE,ReEt,ImH,ImHt,ImE,ImEt,DVCS,experiment,link,flag_xsec_systematic_missing,flag_xsec_diff_systematic_missing,xsec_total_err_recomputed,xsec_diff_total_err_recomputed,xsec_systematic_ratio,xsec_diff_systematic_ratio,flag_bad_kinematics,flag_xsec_nonpositive_or_missing,flag_xsec_error_nonpositive_or_missing,flag_xsec_systematic_anomaly,flag_xsec_diff_missing,flag_xsec_diff_error_nonpositive_or_missing,flag_xsec_diff_systematic_anomaly,flag_exact_duplicate,phi_centered_rad,local_xsec_prediction,local_xsec_pull,local_xsec_diff_prediction,local_xsec_diff_pull,local_xsec_multiplicative_ratio,flag_local_xsec_catastrophic_outlier,flag_local_xsec_diff_catastrophic_outlier,exclude_reason,common_valid
358,19,0,4.455,1.98,0.356,-0.182,7.5,0.183683363,0.011235134,0.0,0.0,0.1824,0.0096,0.0058368,0.0058368,0.0,0.0,0.0,0.0,-2.52449,1.35299,2.18492,128.22832,3.23116,1.51011,0,0,0.021667503,E07-007 Hall A,https://www.nature.com/articles/s41467-017-01819-3,False,False,0.01123513392176524,0.0,0.031999999999999994,0.0,False,False,False,False,False,True,False,False,0.1308996938995747,,,,,,False,False,xsec_diff_error_nonpositive_or_missing,False
359,19,1,4.455,1.98,0.356,-0.182,22.5,0.179209318,0.011250123,0.0,0.0,0.1833,0.0096,0.0058656,0.0058656,0.0,0.0,0.0,0.0,-2.52449,1.35299,2.18492,128.22832,3.23116,1.51011,0,0,0.021667503,E07-007 Hall A,https://www.nature.com/articles/s41467-017-01819-3,False,False,0.011250122815329618,0.0,0.032,0.0,False,False,False,False,False,True,False,False,0.39269908169872414,,,,,,False,False,xsec_diff_error_nonpositive_or_missing,False
360,19,2,4.455,1.98,0.356,-0.182,37.5,0.164091507,0.01036871,0.0,0.0,0.1609,0.009,0.0051488,0.0051488,0.0,0.0,0.0,0.0,-2.52449,1.35299,2.18492,128.22832,3.23116,1.51011,0,0,0.021667503,E07-007 Hall A,https://www.nature.com/articles/s41467-017-01819-3,False,False,0.01036870972879461,0.0,0.032,0.0,False,False,False,False,False,True,False,False,0.6544984694978736,,,,,,False,False,xsec_diff_error_nonpositive_or_missing,False
361,19,3,4.455,1.98,0.356,-0.182,52.5,0.139579656,0.009806028,0.0,0.0,0.1528,0.0085,0.0048896,0.0048896,0.0,0.0,0.0,0.0,-2.52449,1.35299,2.18492,128.22832,3.23116,1.51011,0,0,0.021667503,E07-007 Hall A,https://www.nature.com/articles/s41467-017-01819-3,False,False,0.009806028154150895,0.0,0.032,0.0,False,False,False,False,False,True,False,False,0.9162978572970231,,,,,,False,False,xsec_diff_error_nonpositive_or_missing,False
362,19,4,4.455,1.98,0.356,-0.182,67.5,0.14788378,0.009269163,0.0,0.0,0.1463,0.008,0.0046816,0.0046816,0.0,0.0,0.0,0.0,-2.52449,1.35299,2.18492,128.22832,3.23116,1.51011,0,0,0.021667503,E07-007 Hall A,https://www.nature.com/articles/s41467-017-01819-3,False,False,0.009269162775569323,0.0,0.032,0.0,False,False,False,False,False,True,False,False,1.1780972450961724,,,,,,False,False,xsec_diff_error_nonpositive_or_missing,False
363,19,5,4.455,1.98,0.356,-0.182,82.5,0.120450504,0.008164522,0.0,0.0,0.1203,0.0072,0.0038496,0.0038496,0.0,0.0,0.0,0.0,-2.52449,1.35299,2.18492,128.22832,3.23116,1.51011,0,0,0.021667503,E07-007 Hall A,https://www.nature.com/articles/s41467-017-01819-3,False,False,0.008164522041124025,0.0,0.032,0.0,False,False,False,False,False,True,False,False,1.4398966328953218,,,,,,False,False,xsec_diff_error_nonpositive_or_missing,False
364,19,6,4.455,1.98,0.356,-0.182,97.5,0.104874945,0.007642391,0.0,0.0,0.109,0.0068,0.003488,0.003488,0.0,0.0,0.0,0.0,-2.52449,1.35299,2.18492,128.22832,3.23116,1.51011,0,0,0.021667503,E07-007 Hall A,https://www.nature.com/articles/s41467-017-01819-3,False,False,0.007642391248817349,0.0,0.032,0.0,False,False,False,False,False,True,False,False,1.7016960206944713,,,,,,False,False,xsec_diff_error_nonpositive_or_missing,False
365,19,7,4.455,1.98,0.356,-0.182,112.5,0.084668202,0.00647553,0.0,0.0,0.0834,0.0059,0.0026688,0.0026688,0.0,0.0,0.0,0.0,-2.52449,1.35299,2.18492,128.22832,3.23116,1.51011,0,0,0.021667503,E07-007 Hall A,https://www.nature.com/articles/s41467-017-01819-3,False,False,0.006475530359746605,0.0,0.031999999999999994,0.0,False,False,False,False,False,True,False,False,1.9634954084936207,,,,,,False,False,xsec_diff_error_nonpositive_or_missing,False
366,19,8,4.455,1.98,0.356,-0.182,127.5,0.085001077,0.006371241,0.0,0.0,0.0824,0.0058,0.0026368,0.0026368,0.0,0.0,0.0,0.0,-2.52449,1.35299,2.18492,128.22832,3.23116,1.51011,0,0,0.021667503,E07-007 Hall A,https://www.nature.com/articles/s41467-017-01819-3,False,False,0.0063712411852008865,0.0,0.032,0.0,False,False,False,False,False,True,False,False,2.2252947962927703,,,,,,False,False,xsec_diff_error_nonpositive_or_missing,False
367,19,9,4.455,1.98,0.356,-0.182,142.5,0.091804127,0.006319867,0.0,0.0,0.0853,0.0057,0.0027296,0.0027296,0.0,0.0,0.0,0.0,-2.52449,1.35299,2.18492,128.22832,3.23116,1.51011,0,0,0.021667503,E07-007 Hall A,https://www.nature.com/articles/s41467-017-01819-3,False,False,0.006319866783406119,0.0,0.032,0.0,False,False,False,False,False,True,False,False,2.4870941840919194,,,,,,False,False,xsec_diff_error_nonpositive_or_missing,False
368,19,10,4.455,1.98,0.356,-0.182,157.5,0.074807357,0.005887431,0.0,0.0,0.0733,0.0054,0.0023456,0.0023456,0.0,0.0,0.0,0.0,-2.52449,1.35299,2.18492,128.22832,3.23116,1.51011,0,0,0.021667503,E07-007 Hall A,https://www.nature.com/articles/s41467-017-01819-3,False,False,0.005887430624644336,0.0,0.032,0.0,False,False,False,False,False,True,False,False,2.748893571891069,,,,,,False,False,xsec_diff_error_nonpositive_or_missing,False
369,19,11,4.455,1.98,0.356,-0.182,172.5,0.084485463,0.005815438,0.0,0.0,0.0748,0.0053,0.0023936,0.0023936,0.0,0.0,0.0,0.0,-2.52449,1.35299,2.18492,128.22832,3.23116,1.51011,0,0,0.021667503,E07-007 Hall A,https://www.nature.com/articles/s41467-017-01819-3,False,False,0.00581543815718128,0.0,0.032,0.0,False,False,False,False,False,True,False,False,3.0106929596902186,,,,,,False,False,xsec_diff_error_nonpositive_or_missing,False
370,19,12,4.455,1.98,0.356,-0.182,187.5,0.064024086,0.005908016,0.0,0.0,0.0749,0.0054,0.0023968,0.0023968,0.0,0.0,0.0,0.0,-2.52449,1.35299,2.18492,128.22832,3.23116,1.51011,0,0,0.021667503,E07-007 Hall A,https://www.nature.com/articles/s41467-017-01819-3,False,False,0.005908015761658054,0.0,0.03200000000000001,0.0,False,False,False,False,False,True,False,False,-3.0106929596902186,,,,,,False,False,xsec_diff_error_nonpositive_or_missing,False
371,19,13,4.455,1.98,0.356,-0.182,202.5,0.07017459,0.00580234,0.0,0.0,0.0738,0.0053,0.0023616,0.0023616,0.0,0.0,0.0,0.0,-2.52449,1.35299,2.18492,128.22832,3.23116,1.51011,0,0,0.021667503,E07-007 Hall A,https://www.nature.com/articles/s41467-017-01819-3,False,False,0.005802340438133564,0.0,0.032,0.0,False,False,False,False,False,True,False,False,-2.748893571891069,,,,,,False,False,xsec_diff_error_nonpositive_or_missing,False
372,19,14,4.455,1.98,0.356,-0.182,217.5,0.086812686,0.006206182,0.0,0.0,0.0836,0.0056,0.0026752,0.0026752,0.0,0.0,0.0,0.0,-2.52449,1.35299,2.18492,128.22832,3.23116,1.51011,0,0,0.021667503,E07-007 Hall A,https://www.nature.com/articles/s41467-017-01819-3,False,False,0.006206182001843001,0.0,0.032,0.0,False,False,False,False,False,True,False,False,-2.4870941840919194,,,,,,False,False,xsec_diff_error_nonpositive_or_missing,False
373,19,15,4.455,1.98,0.356,-0.182,232.5,0.087984241,0.006340746,0.0,0.0,0.0868,0.0057,0.0027776,0.0027776,0.0,0.0,0.0,0.0,-2.52449,1.35299,2.18492,128.22832,3.23116,1.51011,0,0,0.021667503,E07-007 Hall A,https://www.nature.com/articles/s41467-017-01819-3,False,False,0.006340746151676473,0.0,0.032,0.0,False,False,False,False,False,True,False,False,-2.2252947962927703,,,,,,False,False,xsec_diff_error_nonpositive_or_missing,False
374,19,16,4.455,1.98,0.356,-0.182,247.5,0.080673896,0.006583788,0.0,0.0,0.0847,0.006,0.0027104,0.0027104,0.0,0.0,0.0,0.0,-2.52449,1.35299,2.18492,128.22832,3.23116,1.51011,0,0,0.021667503,E07-007 Hall A,https://www.nature.com/articles/s41467-017-01819-3,False,False,0.006583788283351767,0.0,0.032,0.0,False,False,False,False,False,True,False,False,-1.9634954084936207,,,,,,False,False,xsec_diff_error_nonpositive_or_missing,False
375,19,17,4.455,1.98,0.356,-0.182,262.5,0.094972606,0.007178461,0.0,0.0,0.1016,0.0064,0.0032512,0.0032512,0.0,0.0,0.0,0.0,-2.52449,1.35299,2.18492,128.22832,3.23116,1.51011,0,0,0.021667503,E07-007 Hall A,https://www.nature.com/articles/s41467-017-01819-3,False,False,0.007178460938112013,0.0,0.032,0.0,False,False,False,False,False,True,False,False,-1.7016960206944713,,,,,,False,False,xsec_diff_error_nonpositive_or_missing,False
376,19,18,4.455,1.98,0.356,-0.182,277.5,0.123009172,0.008598276,0.0,0.0,0.1314,0.0075,0.0042048,0.0042048,0.0,0.0,0.0,0.0,-2.52449,1.35299,2.18492,128.22832,3.23116,1.51011,0,0,0.021667503,E07-007 Hall A,https://www.nature.com/articles/s41467-017-01819-3,False,False,0.008598275585255452,0.0,0.032,0.0,False,False,False,False,False,True,False,False,-1.4398966328953218,,,,,,False,False,xsec_diff_error_nonpositive_or_missing,False
377,19,19,4.455,1.98,0.356,-0.182,292.5,0.13802491,0.009453445,0.0,0.0,0.147,0.0082,0.004704,0.004704,0.0,0.0,0.0,0.0,-2.52449,1.35299,2.18492,128.22832,3.23116,1.51011,0,0,0.021667503,E07-007 Hall A,https://www.nature.com/articles/s41467-017-01819-3,False,False,0.009453444663190239,0.0,0.032,0.0,False,False,False,False,False,True,False,False,-1.1780972450961724,,,,,,False,False,xsec_diff_error_nonpositive_or_missing,False
378,19,20,4.455,1.98,0.356,-0.182,307.5,0.167861054,0.010056505,0.0,0.0,0.1629,0.0086,0.0052128,0.0052128,0.0,0.0,0.0,0.0,-2.52449,1.35299,2.18492,128.22832,3.23116,1.51011,0,0,0.021667503,E07-007 Hall A,https://www.nature.com/articles/s41467-017-01819-3,False,False,0.010056504553770163,0.0,0.032,0.0,False,False,False,False,False,True,False,False,-0.9162978572970231,,,,,,False,False,xsec_diff_error_nonpositive_or_missing,False
379,19,21,4.455,1.98,0.356,-0.182,322.5,0.160801051,0.010600415,0.0,0.0,0.1699,0.0091,0.0054368,0.0054368,0.0,0.0,0.0,0.0,-2.52449,1.35299,2.18492,128.22832,3.23116,1.51011,0,0,0.021667503,E07-007 Hall A,https://www.nature.com/articles/s41467-017-01819-3,False,False,0.010600414814524948,0.0,0.032,0.0,False,False,False,False,False,True,False,False,-0.6544984694978736,,,,,,False,False,xsec_diff_error_nonpositive_or_missing,False
380,19,22,4.455,1.98,0.356,-0.182,337.5,0.191381405,0.011671566,0.0,0.0,0.1981,0.0098,0.0063392,0.0063392,0.0,0.0,0.0,0.0,-2.52449,1.35299,2.18492,128.22832,3.23116,1.51011,0,0,0.021667503,E07-007 Hall A,https://www.nature.com/articles/s41467-017-01819-3,False,False,0.011671566160545894,0.0,0.032,0.0,False,False,False,False,False,True,False,False,-0.39269908169872414,,,,,,False,False,xsec_diff_error_nonpositive_or_missing,False
381,19,23,4.455,1.98,0.356,-0.182,352.5,0.226193045,0.011481279,0.0,0.0,0.1968,0.0096,0.0062976,0.0062976,0.0,0.0,0.0,0.0,-2.52449,1.35299,2.18492,128.22832,3.23116,1.51011,0,0,0.021667503,E07-007 Hall A,https://www.nature.com/articles/s41467-017-01819-3,False,False,0.011481278925276573,0.0,0.032,0.0,False,False,False,False,False,True,False,False,-0.1308996938995747,,,,,,False,False,xsec_diff_error_nonpositive_or_missing,False
382,20,0,4.455,1.99,0.357,-0.242,7.5,0.264077687,0.015207598,0.0,0.0,0.2466,0.013,0.0078912,0.0078912,0.0,0.0,0.0,0.0,-2.51897,1.15367,2.03268,97.75515,2.90074,1.42655,0,0,0.01866535,E07-007 Hall A,https://www.nature.com/articles/s41467-017-01819-3,False,False,0.015207598016780953,0.0,0.031999999999999994,0.0,False,False,False,False,False,True,False,False,0.1308996938995747,,,,,,False,False,xsec_diff_error_nonpositive_or_missing,False
383,20,1,4.455,1.99,0.357,-0.242,22.5,0.194326868,0.013522491,0.0,0.0,0.1948,0.012,0.0062336,0.0062336,0.0,0.0,0.0,0.0,-2.51897,1.15367,2.03268,97.75515,2.90074,1.42655,0,0,0.01866535,E07-007 Hall A,https://www.nature.com/articles/s41467-017-01819-3,False,False,0.013522491226101795,0.0,0.032,0.0,False,False,False,False,False,True,False,False,0.39269908169872414,,,,,,False,False,xsec_diff_error_nonpositive_or_missing,False
384,20,2,4.455,1.99,0.357,-0.242,37.5,0.169002387,0.01148005,0.0,0.0,0.1762,0.01,0.0056384,0.0056384,0.0,0.0,0.0,0.0,-2.51897,1.15367,2.03268,97.75515,2.90074,1.42655,0,0,0.01866535,E07-007 Hall A,https://www.nature.com/articles/s41467-017-01819-3,False,False,0.011480050285604153,0.0,0.032,0.0,False,False,False,False,False,True,False,False,0.6544984694978736,,,,,,False,False,xsec_diff_error_nonpositive_or_missing,False
385,20,3,4.455,1.99,0.357,-0.242,52.5,0.142657533,0.009547883,0.0,0.0,0.1359,0.0085,0.0043488,0.0043488,0.0,0.0,0.0,0.0,-2.51897,1.15367,2.03268,97.75515,2.90074,1.42655,0,0,0.01866535,E07-007 Hall A,https://www.nature.com/articles/s41467-017-01819-3,False,False,0.009547882563165511,0.0,0.032,0.0,False,False,False,False,False,True,False,False,0.9162978572970231,,,,,,False,False,xsec_diff_error_nonpositive_or_missing,False
386,20,4,4.455,1.99,0.357,-0.242,67.5,0.114634319,0.008276811,0.0,0.0,0.1094,0.0075,0.0035008,0.0035008,0.0,0.0,0.0,0.0,-2.51897,1.15367,2.03268,97.75515,2.90074,1.42655,0,0,0.01866535,E07-007 Hall A,https://www.nature.com/articles/s41467-017-01819-3,False,False,0.008276811018743873,0.0,0.032,0.0,False,False,False,False,False,True,False,False,1.1780972450961724,,,,,,False,False,xsec_diff_error_nonpositive_or_missing,False
387,20,5,4.455,1.99,0.357,-0.242,82.5,0.102164641,0.007662535,0.0,0.0,0.0974,0.007,0.0031168,0.0031168,0.0,0.0,0.0,0.0,-2.51897,1.15367,2.03268,97.75515,2.90074,1.42655,0,0,0.01866535,E07-007 Hall A,https://www.nature.com/articles/s41467-017-01819-3,False,False,0.007662534974797831,0.0,0.032,0.0,False,False,False,False,False,True,False,False,1.4398966328953218,,,,,,False,False,xsec_diff_error_nonpositive_or_missing,False
388,20,6,4.455,1.99,0.357,-0.242,97.5,0.07238273,0.006487455,0.0,0.0,0.0771,0.006,0.0024672,0.0024672,0.0,0.0,0.0,0.0,-2.51897,1.15367,2.03268,97.75515,2.90074,1.42655,0,0,0.01866535,E07-007 Hall A,https://www.nature.com/articles/s41467-017-01819-3,False,False,0.0064874552668977995,0.0,0.032,0.0,False,False,False,False,False,True,False,False,1.7016960206944713,,,,,,False,False,xsec_diff_error_nonpositive_or_missing,False
389,20,7,4.455,1.99,0.357,-0.242,112.5,0.067046288,0.006095539,0.0,0.0,0.0675,0.0057,0.00216,0.00216,0.0,0.0,0.0,0.0,-2.51897,1.15367,2.03268,97.75515,2.90074,1.42655,0,0,0.01866535,E07-007 Hall A,https://www.nature.com/articles/s41467-017-01819-3,False,False,0.006095539352674216,0.0,0.032,0.0,False,False,False,False,False,True,False,False,1.9634954084936207,,,,,,False,False,xsec_diff_error_nonpositive_or_missing,False
390,20,8,4.455,1.99,0.357,-0.242,127.5,0.066629541,0.005793672,0.0,0.0,0.0656,0.0054,0.0020992,0.0020992,0.0,0.0,0.0,0.0,-2.51897,1.15367,2.03268,97.75515,2.90074,1.42655,0,0,0.01866535,E07-007 Hall A,https://www.nature.com/articles/s41467-017-01819-3,False,False,0.00579367246571637,0.0,0.031999999999999994,0.0,False,False,False,False,False,True,False,False,2.2252947962927703,,,,,,False,False,xsec_diff_error_nonpositive_or_missing,False
391,20,9,4.455,1.99,0.357,-0.242,142.5,0.049213532,0.00503299,0.0,0.0,0.0473,0.0048,0.0015136,0.0015136,0.0,0.0,0.0,0.0,-2.51897,1.15367,2.03268,97.75515,2.90074,1.42655,0,0,0.01866535,E07-007 Hall A,https://www.nature.com/articles/s41467-017-01819-3,False,False,0.00503298966420556,0.0,0.032,0.0,False,False,False,False,False,True,False,False,2.4870941840919194,,,,,,False,False,xsec_diff_error_nonpositive_or_missing,False
392,20,10,4.455,1.99,0.357,-0.242,157.5,0.049058645,0.004927995,0.0,0.0,0.0463,0.0047,0.0014816,0.0014816,0.0,0.0,0.0,0.0,-2.51897,1.15367,2.03268,97.75515,2.90074,1.42655,0,0,0.01866535,E07-007 Hall A,https://www.nature.com/articles/s41467-017-01819-3,False,False,0.004927995389608233,0.0,0.032,0.0,False,False,False,False,False,True,False,False,2.748893571891069,,,,,,False,False,xsec_diff_error_nonpositive_or_missing,False
393,20,11,4.455,1.99,0.357,-0.242,172.5,0.056337404,0.005081295,0.0,0.0,0.0521,0.0048,0.0016672,0.0016672,0.0,0.0,0.0,0.0,-2.51897,1.15367,2.03268,97.75515,2.90074,1.42655,0,0,0.01866535,E07-007 Hall A,https://www.nature.com/articles/s41467-017-01819-3,False,False,0.005081294701156389,0.0,0.032,0.0,False,False,False,False,False,True,False,False,3.0106929596902186,,,,,,False,False,xsec_diff_error_nonpositive_or_missing,False
394,20,12,4.455,1.99,0.357,-0.242,187.5,0.05183676,0.005176894,0.0,0.0,0.0522,0.0049,0.0016704,0.0016704,0.0,0.0,0.0,0.0,-2.51897,1.15367,2.03268,97.75515,2.90074,1.42655,0,0,0.01866535,E07-007 Hall A,https://www.nature.com/articles/s41467-017-01819-3,False,False,0.005176894451309588,0.0,0.032,0.0,False,False,False,False,False,True,False,False,-3.0106929596902186,,,,,,False,False,xsec_diff_error_nonpositive_or_missing,False
395,20,13,4.455,1.99,0.357,-0.242,202.5,0.041508101,0.004674152,0.0,0.0,0.0395,0.0045,0.001264,0.001264,0.0,0.0,0.0,0.0,-2.51897,1.15367,2.03268,97.75515,2.90074,1.42655,0,0,0.01866535,E07-007 Hall A,https://www.nature.com/articles/s41467-017-01819-3,False,False,0.004674151901682272,0.0,0.032,0.0,False,False,False,False,False,True,False,False,-2.748893571891069,,,,,,False,False,xsec_diff_error_nonpositive_or_missing,False
396,20,14,4.455,1.99,0.357,-0.242,217.5,0.055261839,0.005382742,0.0,0.0,0.0538,0.0051,0.0017216,0.0017216,0.0,0.0,0.0,0.0,-2.51897,1.15367,2.03268,97.75515,2.90074,1.42655,0,0,0.01866535,E07-007 Hall A,https://www.nature.com/articles/s41467-017-01819-3,False,False,0.005382741546832804,0.0,0.032,0.0,False,False,False,False,False,True,False,False,-2.4870941840919194,,,,,,False,False,xsec_diff_error_nonpositive_or_missing,False
397,20,15,4.455,1.99,0.357,-0.242,232.5,0.064856454,0.006330424,0.0,0.0,0.0717,0.0059,0.0022944,0.0022944,0.0,0.0,0.0,0.0,-2.51897,1.15367,2.03268,97.75515,2.90074,1.42655,0,0,0.01866535,E07-007 Hall A,https://www.nature.com/articles/s41467-017-01819-3,False,False,0.006330424263823081,0.0,0.032,0.0,False,False,False,False,False,True,False,False,-2.2252947962927703,,,,,,False,False,xsec_diff_error_nonpositive_or_missing,False
398,20,16,4.455,1.99,0.357,-0.242,247.5,0.064360166,0.006063276,0.0,0.0,0.0646,0.0057,0.0020672,0.0020672,0.0,0.0,0.0,0.0,-2.51897,1.15367,2.03268,97.75515,2.90074,1.42655,0,0,0.01866535,E07-007 Hall A,https://www.nature.com/articles/s41467-017-01819-3,False,False,0.006063275998995922,0.0,0.031999999999999994,0.0,False,False,False,False,False,True,False,False,-1.9634954084936207,,,,,,False,False,xsec_diff_error_nonpositive_or_missing,False
399,20,17,4.455,1.99,0.357,-0.242,262.5,0.082590793,0.006737412,0.0,0.0,0.0824,0.0062,0.0026368,0.0026368,0.0,0.0,0.0,0.0,-2.51897,1.15367,2.03268,97.75515,2.90074,1.42655,0,0,0.01866535,E07-007 Hall A,https://www.nature.com/articles/s41467-017-01819-3,False,False,0.006737411538565831,0.0,0.032,0.0,False,False,False,False,False,True,False,False,-1.7016960206944713,,,,,,False,False,xsec_diff_error_nonpositive_or_missing,False
400,20,18,4.455,1.99,0.357,-0.242,277.5,0.103523334,0.007378721,0.0,0.0,0.0966,0.0067,0.0030912,0.0030912,0.0,0.0,0.0,0.0,-2.51897,1.15367,2.03268,97.75515,2.90074,1.42655,0,0,0.01866535,E07-007 Hall A,https://www.nature.com/articles/s41467-017-01819-3,False,False,0.007378720582865298,0.0,0.032,0.0,False,False,False,False,False,True,False,False,-1.4398966328953218,,,,,,False,False,xsec_diff_error_nonpositive_or_missing,False
401,20,19,4.455,1.99,0.357,-0.242,292.5,0.108084133,0.008157794,0.0,0.0,0.1073,0.0074,0.0034336,0.0034336,0.0,0.0,0.0,0.0,-2.51897,1.15367,2.03268,97.75515,2.90074,1.42655,0,0,0.01866535,E07-007 Hall A,https://www.nature.com/articles/s41467-017-01819-3,False,False,0.00815779436857782,0.0,0.032,0.0,False,False,False,False,False,True,False,False,-1.1780972450961724,,,,,,False,False,xsec_diff_error_nonpositive_or_missing,False
402,20,20,4.455,1.99,0.357,-0.242,307.5,0.128891196,0.009686629,0.0,0.0,0.1331,0.0087,0.0042592,0.0042592,0.0,0.0,0.0,0.0,-2.51897,1.15367,2.03268,97.75515,2.90074,1.42655,0,0,0.01866535,E07-007 Hall A,https://www.nature.com/articles/s41467-017-01819-3,False,False,0.009686629168085253,0.0,0.032,0.0,False,False,False,False,False,True,False,False,-0.9162978572970231,,,,,,False,False,xsec_diff_error_nonpositive_or_missing,False
403,20,21,4.455,1.99,0.357,-0.242,322.5,0.186979235,0.011611177,0.0,0.0,0.1844,0.01,0.0059008,0.0059008,0.0,0.0,0.0,0.0,-2.51897,1.15367,2.03268,97.75515,2.90074,1.42655,0,0,0.01866535,E07-007 Hall A,https://www.nature.com/articles/s41467-017-01819-3,False,False,0.011611177401107953,0.0,0.032,0.0,False,False,False,False,False,True,False,False,-0.6544984694978736,,,,,,False,False,xsec_diff_error_nonpositive_or_missing,False
404,20,22,4.455,1.99,0.357,-0.242,337.5,0.212512923,0.012671985,0.0,0.0,0.1966,0.011,0.0062912,0.0062912,0.0,0.0,0.0,0.0,-2.51897,1.15367,2.03268,97.75515,2.90074,1.42655,0,0,0.01866535,E07-007 Hall A,https://www.nature.com/articles/s41467-017-01819-3,False,False,0.012671984747465568,0.0,0.032,0.0,False,False,False,False,False,True,False,False,-0.39269908169872414,,,,,,False,False,xsec_diff_error_nonpositive_or_missing,False
405,20,23,4.455,1.99,0.357,-0.242,352.5,0.270172767,0.015664406,0.0,0.0,0.2731,0.013,0.0087392,0.0087392,0.0,0.0,0.0,0.0,-2.51897,1.15367,2.03268,97.75515,2.90074,1.42655,0,0,0.01866535,E07-007 Hall A,https://www.nature.com/articles/s41467-017-01819-3,False,False,0.015664406041724022,0.0,0.032,0.0,False,False,False,False,False,True,False,False,-0.1308996938995747,,,,,,False,False,xsec_diff_error_nonpositive_or_missing,False
406,21,0,4.455,2.0,0.36,-0.304,22.5,0.232258012,0.020081863,0.0,0.0,0.2032,0.019,0.0065024,0.0065024,0.0,0.0,0.0,0.0,-2.48065,0.9791,1.89149,77.63035,2.59399,1.34102,0,0,0.016219655,E07-007 Hall A,https://www.nature.com/articles/s41467-017-01819-3,False,False,0.020081862606840032,0.0,0.032,0.0,False,False,False,False,False,True,False,False,0.39269908169872414,,,,,,False,False,xsec_diff_error_nonpositive_or_missing,False
407,21,1,4.455,2.0,0.36,-0.304,37.5,0.151749315,0.01187128,0.0,0.0,0.1395,0.011,0.004464,0.004464,0.0,0.0,0.0,0.0,-2.48065,0.9791,1.89149,77.63035,2.59399,1.34102,0,0,0.016219655,E07-007 Hall A,https://www.nature.com/articles/s41467-017-01819-3,False,False,0.01187128030163554,0.0,0.032,0.0,False,False,False,False,False,True,False,False,0.6544984694978736,,,,,,False,False,xsec_diff_error_nonpositive_or_missing,False
408,21,2,4.455,2.0,0.36,-0.304,52.5,0.107266194,0.00886048,0.0,0.0,0.1049,0.0082,0.0033568,0.0033568,0.0,0.0,0.0,0.0,-2.48065,0.9791,1.89149,77.63035,2.59399,1.34102,0,0,0.016219655,E07-007 Hall A,https://www.nature.com/articles/s41467-017-01819-3,False,False,0.008860480023113872,0.0,0.032,0.0,False,False,False,False,False,True,False,False,0.9162978572970231,,,,,,False,False,xsec_diff_error_nonpositive_or_missing,False
409,21,3,4.455,2.0,0.36,-0.304,67.5,0.086919191,0.007525054,0.0,0.0,0.0863,0.007,0.0027616,0.0027616,0.0,0.0,0.0,0.0,-2.48065,0.9791,1.89149,77.63035,2.59399,1.34102,0,0,0.016219655,E07-007 Hall A,https://www.nature.com/articles/s41467-017-01819-3,False,False,0.007525053791169869,0.0,0.032,0.0,False,False,False,False,False,True,False,False,1.1780972450961724,,,,,,False,False,xsec_diff_error_nonpositive_or_missing,False
410,21,4,4.455,2.0,0.36,-0.304,82.5,0.076482301,0.006800265,0.0,0.0,0.08,0.0063,0.00256,0.00256,0.0,0.0,0.0,0.0,-2.48065,0.9791,1.89149,77.63035,2.59399,1.34102,0,0,0.016219655,E07-007 Hall A,https://www.nature.com/articles/s41467-017-01819-3,False,False,0.006800264700730406,0.0,0.032,0.0,False,False,False,False,False,True,False,False,1.4398966328953218,,,,,,False,False,xsec_diff_error_nonpositive_or_missing,False
411,21,5,4.455,2.0,0.36,-0.304,97.5,0.064974975,0.005556999,0.0,0.0,0.0522,0.0053,0.0016704,0.0016704,0.0,0.0,0.0,0.0,-2.48065,0.9791,1.89149,77.63035,2.59399,1.34102,0,0,0.016219655,E07-007 Hall A,https://www.nature.com/articles/s41467-017-01819-3,False,False,0.005556998844700257,0.0,0.032,0.0,False,False,False,False,False,True,False,False,1.7016960206944713,,,,,,False,False,xsec_diff_error_nonpositive_or_missing,False
412,21,6,4.455,2.0,0.36,-0.304,112.5,0.052469734,0.005679577,0.0,0.0,0.055,0.0054,0.00176,0.00176,0.0,0.0,0.0,0.0,-2.48065,0.9791,1.89149,77.63035,2.59399,1.34102,0,0,0.016219655,E07-007 Hall A,https://www.nature.com/articles/s41467-017-01819-3,False,False,0.005679577449071366,0.0,0.032,0.0,False,False,False,False,False,True,False,False,1.9634954084936207,,,,,,False,False,xsec_diff_error_nonpositive_or_missing,False
413,21,7,4.455,2.0,0.36,-0.304,127.5,0.051292926,0.004996876,0.0,0.0,0.0434,0.0048,0.0013888,0.0013888,0.0,0.0,0.0,0.0,-2.48065,0.9791,1.89149,77.63035,2.59399,1.34102,0,0,0.016219655,E07-007 Hall A,https://www.nature.com/articles/s41467-017-01819-3,False,False,0.004996875567792338,0.0,0.032,0.0,False,False,False,False,False,True,False,False,2.2252947962927703,,,,,,False,False,xsec_diff_error_nonpositive_or_missing,False
414,21,8,4.455,2.0,0.36,-0.304,142.5,0.035982231,0.004564086,0.0,0.0,0.0379,0.0044,0.0012128,0.0012128,0.0,0.0,0.0,0.0,-2.48065,0.9791,1.89149,77.63035,2.59399,1.34102,0,0,0.016219655,E07-007 Hall A,https://www.nature.com/articles/s41467-017-01819-3,False,False,0.004564086309438067,0.0,0.031999999999999994,0.0,False,False,False,False,False,True,False,False,2.4870941840919194,,,,,,False,False,xsec_diff_error_nonpositive_or_missing,False
415,21,9,4.455,2.0,0.36,-0.304,157.5,0.038322147,0.004818216,0.0,0.0,0.0448,0.0046,0.0014336,0.0014336,0.0,0.0,0.0,0.0,-2.48065,0.9791,1.89149,77.63035,2.59399,1.34102,0,0,0.016219655,E07-007 Hall A,https://www.nature.com/articles/s41467-017-01819-3,False,False,0.00481821636708025,0.0,0.032,0.0,False,False,False,False,False,True,False,False,2.748893571891069,,,,,,False,False,xsec_diff_error_nonpositive_or_missing,False
416,21,10,4.455,2.0,0.36,-0.304,172.5,0.031928763,0.004552387,0.0,0.0,0.0365,0.0044,0.001168,0.001168,0.0,0.0,0.0,0.0,-2.48065,0.9791,1.89149,77.63035,2.59399,1.34102,0,0,0.016219655,E07-007 Hall A,https://www.nature.com/articles/s41467-017-01819-3,False,False,0.0045523866268145545,0.0,0.032,0.0,False,False,False,False,False,True,False,False,3.0106929596902186,,,,,,False,False,xsec_diff_error_nonpositive_or_missing,False
417,21,11,4.455,2.0,0.36,-0.304,187.5,0.037741695,0.004564086,0.0,0.0,0.0379,0.0044,0.0012128,0.0012128,0.0,0.0,0.0,0.0,-2.48065,0.9791,1.89149,77.63035,2.59399,1.34102,0,0,0.016219655,E07-007 Hall A,https://www.nature.com/articles/s41467-017-01819-3,False,False,0.004564086309438067,0.0,0.031999999999999994,0.0,False,False,False,False,False,True,False,False,-3.0106929596902186,,,,,,False,False,xsec_diff_error_nonpositive_or_missing,False
418,21,12,4.455,2.0,0.36,-0.304,202.5,0.053839369,0.004927034,0.0,0.0,0.0462,0.0047,0.0014784,0.0014784,0.0,0.0,0.0,0.0,-2.48065,0.9791,1.89149,77.63035,2.59399,1.34102,0,0,0.016219655,E07-007 Hall A,https://www.nature.com/articles/s41467-017-01819-3,False,False,0.004927034256020552,0.0,0.032,0.0,False,False,False,False,False,True,False,False,-2.748893571891069,,,,,,False,False,xsec_diff_error_nonpositive_or_missing,False
419,21,13,4.455,2.0,0.36,-0.304,217.5,0.0405778,0.004549119,0.0,0.0,0.0361,0.0044,0.0011552,0.0011552,0.0,0.0,0.0,0.0,-2.48065,0.9791,1.89149,77.63035,2.59399,1.34102,0,0,0.016219655,E07-007 Hall A,https://www.nature.com/articles/s41467-017-01819-3,False,False,0.00454911936972421,0.0,0.032,0.0,False,False,False,False,False,True,False,False,-2.4870941840919194,,,,,,False,False,xsec_diff_error_nonpositive_or_missing,False
420,21,14,4.455,2.0,0.36,-0.304,232.5,0.048740805,0.005240098,0.0,0.0,0.049,0.005,0.001568,0.001568,0.0,0.0,0.0,0.0,-2.48065,0.9791,1.89149,77.63035,2.59399,1.34102,0,0,0.016219655,E07-007 Hall A,https://www.nature.com/articles/s41467-017-01819-3,False,False,0.005240097709012686,0.0,0.032,0.0,False,False,False,False,False,True,False,False,-2.2252947962927703,,,,,,False,False,xsec_diff_error_nonpositive_or_missing,False
421,21,15,4.455,2.0,0.36,-0.304,247.5,0.054250059,0.005833983,0.0,0.0,0.0608,0.0055,0.0019456,0.0019456,0.0,0.0,0.0,0.0,-2.48065,0.9791,1.89149,77.63035,2.59399,1.34102,0,0,0.016219655,E07-007 Hall A,https://www.nature.com/articles/s41467-017-01819-3,False,False,0.005833983147044564,0.0,0.032,0.0,False,False,False,False,False,True,False,False,-1.9634954084936207,,,,,,False,False,xsec_diff_error_nonpositive_or_missing,False
422,21,16,4.455,2.0,0.36,-0.304,262.5,0.062087313,0.00593151,0.0,0.0,0.0611,0.0056,0.0019552,0.0019552,0.0,0.0,0.0,0.0,-2.48065,0.9791,1.89149,77.63035,2.59399,1.34102,0,0,0.016219655,E07-007 Hall A,https://www.nature.com/articles/s41467-017-01819-3,False,False,0.005931509676296583,0.0,0.031999999999999994,0.0,False,False,False,False,False,True,False,False,-1.7016960206944713,,,,,,False,False,xsec_diff_error_nonpositive_or_missing,False
423,21,17,4.455,2.0,0.36,-0.304,277.5,0.064429156,0.006325568,0.0,0.0,0.0626,0.006,0.0020032,0.0020032,0.0,0.0,0.0,0.0,-2.48065,0.9791,1.89149,77.63035,2.59399,1.34102,0,0,0.016219655,E07-007 Hall A,https://www.nature.com/articles/s41467-017-01819-3,False,False,0.006325567977660188,0.0,0.032,0.0,False,False,False,False,False,True,False,False,-1.4398966328953218,,,,,,False,False,xsec_diff_error_nonpositive_or_missing,False
424,21,18,4.455,2.0,0.36,-0.304,292.5,0.074611443,0.007351831,0.0,0.0,0.0793,0.0069,0.0025376,0.0025376,0.0,0.0,0.0,0.0,-2.48065,0.9791,1.89149,77.63035,2.59399,1.34102,0,0,0.016219655,E07-007 Hall A,https://www.nature.com/articles/s41467-017-01819-3,False,False,0.007351830640051496,0.0,0.032,0.0,False,False,False,False,False,True,False,False,-1.1780972450961724,,,,,,False,False,xsec_diff_error_nonpositive_or_missing,False
425,21,19,4.455,2.0,0.36,-0.304,307.5,0.128779122,0.009983106,0.0,0.0,0.135,0.009,0.00432,0.00432,0.0,0.0,0.0,0.0,-2.48065,0.9791,1.89149,77.63035,2.59399,1.34102,0,0,0.016219655,E07-007 Hall A,https://www.nature.com/articles/s41467-017-01819-3,False,False,0.009983105729180673,0.0,0.032,0.0,False,False,False,False,False,True,False,False,-0.9162978572970231,,,,,,False,False,xsec_diff_error_nonpositive_or_missing,False
426,21,20,4.455,2.0,0.36,-0.304,322.5,0.142846208,0.012008075,0.0,0.0,0.1505,0.011,0.004816,0.004816,0.0,0.0,0.0,0.0,-2.48065,0.9791,1.89149,77.63035,2.59399,1.34102,0,0,0.016219655,E07-007 Hall A,https://www.nature.com/articles/s41467-017-01819-3,False,False,0.01200807461669022,0.0,0.032,0.0,False,False,False,False,False,True,False,False,-0.6544984694978736,,,,,,False,False,xsec_diff_error_nonpositive_or_missing,False
427,21,21,4.455,2.0,0.36,-0.304,337.5,0.192659248,0.018767454,0.0,0.0,0.166,0.018,0.005312,0.005312,0.0,0.0,0.0,0.0,-2.48065,0.9791,1.89149,77.63035,2.59399,1.34102,0,0,0.016219655,E07-007 Hall A,https://www.nature.com/articles/s41467-017-01819-3,False,False,0.01876745438252082,0.0,0.032,0.0,False,False,False,False,False,True,False,False,-0.39269908169872414,,,,,,False,False,xsec_diff_error_nonpositive_or_missing,False
428,22,0,4.455,2.0,0.36,-0.364,37.5,0.118101422,0.0185,0.0,0.0,0.1335,0.018,0.004272,0.004272,0.0,0.0,0.0,0.0,-2.43723,0.83485,1.7684,65.00861,2.34849,1.26991,0,0,0.014512555,E07-007 Hall A,https://www.nature.com/articles/s41467-017-01819-3,False,False,0.018499999567567562,0.0,0.031999999999999994,0.0,False,False,False,False,False,True,False,False,0.6544984694978736,,,,,,False,False,xsec_diff_error_nonpositive_or_missing,False
429,22,1,4.455,2.0,0.36,-0.364,52.5,0.076139357,0.008983043,0.0,0.0,0.0811,0.0086,0.0025952,0.0025952,0.0,0.0,0.0,0.0,-2.43723,0.83485,1.7684,65.00861,2.34849,1.26991,0,0,0.014512555,E07-007 Hall A,https://www.nature.com/articles/s41467-017-01819-3,False,False,0.008983043083499044,0.0,0.032,0.0,False,False,False,False,False,True,False,False,0.9162978572970231,,,,,,False,False,xsec_diff_error_nonpositive_or_missing,False
430,22,2,4.455,2.0,0.36,-0.364,67.5,0.073356723,0.007178696,0.0,0.0,0.0719,0.0068,0.0023008,0.0023008,0.0,0.0,0.0,0.0,-2.43723,0.83485,1.7684,65.00861,2.34849,1.26991,0,0,0.014512555,E07-007 Hall A,https://www.nature.com/articles/s41467-017-01819-3,False,False,0.0071786963050403515,0.0,0.032,0.0,False,False,False,False,False,True,False,False,1.1780972450961724,,,,,,False,False,xsec_diff_error_nonpositive_or_missing,False
431,22,3,4.455,2.0,0.36,-0.364,82.5,0.063982464,0.005869101,0.0,0.0,0.0549,0.0056,0.0017568,0.0017568,0.0,0.0,0.0,0.0,-2.43723,0.83485,1.7684,65.00861,2.34849,1.26991,0,0,0.014512555,E07-007 Hall A,https://www.nature.com/articles/s41467-017-01819-3,False,False,0.005869100973743764,0.0,0.032,0.0,False,False,False,False,False,True,False,False,1.4398966328953218,,,,,,False,False,xsec_diff_error_nonpositive_or_missing,False
432,22,4,4.455,2.0,0.36,-0.364,97.5,0.039066575,0.005276574,0.0,0.0,0.0423,0.0051,0.0013536,0.0013536,0.0,0.0,0.0,0.0,-2.43723,0.83485,1.7684,65.00861,2.34849,1.26991,0,0,0.014512555,E07-007 Hall A,https://www.nature.com/articles/s41467-017-01819-3,False,False,0.005276573979392311,0.0,0.032,0.0,False,False,False,False,False,True,False,False,1.7016960206944713,,,,,,False,False,xsec_diff_error_nonpositive_or_missing,False
433,22,5,4.455,2.0,0.36,-0.364,112.5,0.03939857,0.005242221,0.0,0.0,0.0379,0.0051,0.0012128,0.0012128,0.0,0.0,0.0,0.0,-2.43723,0.83485,1.7684,65.00861,2.34849,1.26991,0,0,0.014512555,E07-007 Hall A,https://www.nature.com/articles/s41467-017-01819-3,False,False,0.00524222126965278,0.0,0.031999999999999994,0.0,False,False,False,False,False,True,False,False,1.9634954084936207,,,,,,False,False,xsec_diff_error_nonpositive_or_missing,False
434,22,6,4.455,2.0,0.36,-0.364,127.5,0.035870941,0.004815076,0.0,0.0,0.0327,0.0047,0.0010464,0.0010464,0.0,0.0,0.0,0.0,-2.43723,0.83485,1.7684,65.00861,2.34849,1.26991,0,0,0.014512555,E07-007 Hall A,https://www.nature.com/articles/s41467-017-01819-3,False,False,0.004815075592345358,0.0,0.032,0.0,False,False,False,False,False,True,False,False,2.2252947962927703,,,,,,False,False,xsec_diff_error_nonpositive_or_missing,False
435,22,7,4.455,2.0,0.36,-0.364,142.5,0.029520024,0.004407961,0.0,0.0,0.0303,0.0043,0.0009696,0.0009696,0.0,0.0,0.0,0.0,-2.43723,0.83485,1.7684,65.00861,2.34849,1.26991,0,0,0.014512555,E07-007 Hall A,https://www.nature.com/articles/s41467-017-01819-3,False,False,0.004407961451737072,0.0,0.032,0.0,False,False,False,False,False,True,False,False,2.4870941840919194,,,,,,False,False,xsec_diff_error_nonpositive_or_missing,False
436,22,8,4.455,2.0,0.36,-0.364,157.5,0.019634735,0.00417979,0.0,0.0,0.0254,0.0041,0.0008128,0.0008128,0.0,0.0,0.0,0.0,-2.43723,0.83485,1.7684,65.00861,2.34849,1.26991,0,0,0.014512555,E07-007 Hall A,https://www.nature.com/articles/s41467-017-01819-3,False,False,0.004179789927735604,0.0,0.032,0.0,False,False,False,False,False,True,False,False,2.748893571891069,,,,,,False,False,xsec_diff_error_nonpositive_or_missing,False
437,22,9,4.455,2.0,0.36,-0.364,172.5,0.023758579,0.004269065,0.0,0.0,0.0239,0.0042,0.0007648,0.0007648,0.0,0.0,0.0,0.0,-2.43723,0.83485,1.7684,65.00861,2.34849,1.26991,0,0,0.014512555,E07-007 Hall A,https://www.nature.com/articles/s41467-017-01819-3,False,False,0.004269065359068657,0.0,0.032,0.0,False,False,False,False,False,True,False,False,3.0106929596902186,,,,,,False,False,xsec_diff_error_nonpositive_or_missing,False
438,22,10,4.455,2.0,0.36,-0.364,187.5,0.024231403,0.004382819,0.0,0.0,0.0265,0.0043,0.000848,0.000848,0.0,0.0,0.0,0.0,-2.43723,0.83485,1.7684,65.00861,2.34849,1.26991,0,0,0.014512555,E07-007 Hall A,https://www.nature.com/articles/s41467-017-01819-3,False,False,0.004382819184041249,0.0,0.032,0.0,False,False,False,False,False,True,False,False,-3.0106929596902186,,,,,,False,False,xsec_diff_error_nonpositive_or_missing,False
439,22,11,4.455,2.0,0.36,-0.364,202.5,0.032225772,0.004519771,0.0,0.0,0.0323,0.0044,0.0010336,0.0010336,0.0,0.0,0.0,0.0,-2.43723,0.83485,1.7684,65.00861,2.34849,1.26991,0,0,0.014512555,E07-007 Hall A,https://www.nature.com/articles/s41467-017-01819-3,False,False,0.004519770896848645,0.0,0.031999999999999994,0.0,False,False,False,False,False,True,False,False,-2.748893571891069,,,,,,False,False,xsec_diff_error_nonpositive_or_missing,False
440,22,12,4.455,2.0,0.36,-0.364,217.5,0.047085118,0.004545083,0.0,0.0,0.0356,0.0044,0.0011392,0.0011392,0.0,0.0,0.0,0.0,-2.43723,0.83485,1.7684,65.00861,2.34849,1.26991,0,0,0.014512555,E07-007 Hall A,https://www.nature.com/articles/s41467-017-01819-3,False,False,0.0045450826879166895,0.0,0.032,0.0,False,False,False,False,False,True,False,False,-2.4870941840919194,,,,,,False,False,xsec_diff_error_nonpositive_or_missing,False
441,22,13,4.455,2.0,0.36,-0.364,232.5,0.036719517,0.004863692,0.0,0.0,0.0391,0.0047,0.0012512,0.0012512,0.0,0.0,0.0,0.0,-2.43723,0.83485,1.7684,65.00861,2.34849,1.26991,0,0,0.014512555,E07-007 Hall A,https://www.nature.com/articles/s41467-017-01819-3,False,False,0.004863692161311199,0.0,0.032,0.0,False,False,False,False,False,True,False,False,-2.2252947962927703,,,,,,False,False,xsec_diff_error_nonpositive_or_missing,False
442,22,14,4.455,2.0,0.36,-0.364,247.5,0.049317794,0.005305527,0.0,0.0,0.0457,0.0051,0.0014624,0.0014624,0.0,0.0,0.0,0.0,-2.43723,0.83485,1.7684,65.00861,2.34849,1.26991,0,0,0.014512555,E07-007 Hall A,https://www.nature.com/articles/s41467-017-01819-3,False,False,0.005305526718432394,0.0,0.032,0.0,False,False,False,False,False,True,False,False,-1.9634954084936207,,,,,,False,False,xsec_diff_error_nonpositive_or_missing,False
443,22,15,4.455,2.0,0.36,-0.364,262.5,0.050373731,0.005606394,0.0,0.0,0.0471,0.0054,0.0015072,0.0015072,0.0,0.0,0.0,0.0,-2.43723,0.83485,1.7684,65.00861,2.34849,1.26991,0,0,0.014512555,E07-007 Hall A,https://www.nature.com/articles/s41467-017-01819-3,False,False,0.0056063938356130496,0.0,0.032,0.0,False,False,False,False,False,True,False,False,-1.7016960206944713,,,,,,False,False,xsec_diff_error_nonpositive_or_missing,False
444,22,16,4.455,2.0,0.36,-0.364,277.5,0.060458999,0.006364122,0.0,0.0,0.0567,0.0061,0.0018144,0.0018144,0.0,0.0,0.0,0.0,-2.43723,0.83485,1.7684,65.00861,2.34849,1.26991,0,0,0.014512555,E07-007 Hall A,https://www.nature.com/articles/s41467-017-01819-3,False,False,0.006364121884439361,0.0,0.032,0.0,False,False,False,False,False,True,False,False,-1.4398966328953218,,,,,,False,False,xsec_diff_error_nonpositive_or_missing,False
445,22,17,4.455,2.0,0.36,-0.364,292.5,0.069311792,0.006717747,0.0,0.0,0.0638,0.0064,0.0020416,0.0020416,0.0,0.0,0.0,0.0,-2.43723,0.83485,1.7684,65.00861,2.34849,1.26991,0,0,0.014512555,E07-007 Hall A,https://www.nature.com/articles/s41467-017-01819-3,False,False,0.0067177474319893874,0.0,0.03200000000000001,0.0,False,False,False,False,False,True,False,False,-1.1780972450961724,,,,,,False,False,xsec_diff_error_nonpositive_or_missing,False
446,22,18,4.455,2.0,0.36,-0.364,307.5,0.09452288,0.00930263,0.0,0.0,0.0846,0.0089,0.0027072,0.0027072,0.0,0.0,0.0,0.0,-2.43723,0.83485,1.7684,65.00861,2.34849,1.26991,0,0,0.014512555,E07-007 Hall A,https://www.nature.com/articles/s41467-017-01819-3,False,False,0.00930263037210444,0.0,0.032,0.0,False,False,False,False,False,True,False,False,-0.9162978572970231,,,,,,False,False,xsec_diff_error_nonpositive_or_missing,False
447,22,19,4.455,2.0,0.36,-0.364,322.5,0.156782158,0.019449396,0.0,0.0,0.1299,0.019,0.0041568,0.0041568,0.0,0.0,0.0,0.0,-2.43723,0.83485,1.7684,65.00861,2.34849,1.26991,0,0,0.014512555,E07-007 Hall A,https://www.nature.com/articles/s41467-017-01819-3,False,False,0.019449395523768856,0.0,0.03200000000000001,0.0,False,False,False,False,False,True,False,False,-0.6544984694978736,,,,,,False,False,xsec_diff_error_nonpositive_or_missing,False
2379,133,0,5.7572,1.453,0.345,-0.17,7.5,0.0,0.0,0.006900405,0.008450444,0.0,0.0,0.0,0.0,0.0008,0.0079,0.001,0.003,-2.55699,1.40538,2.21742,141.8429,3.39116,1.56125,0,0,0.06348707,E00-110 Hall A,https://doi.org/10.1103/PhysRevC.92.055202,False,False,0.0,0.008450443775329199,0.0,0.37974683544303794,False,True,True,False,False,False,False,False,0.1308996938995747,,,,,,False,False,xsec_nonpositive_or_missing;xsec_error_nonpositive_or_missing,False
2380,133,1,5.7572,1.453,0.345,-0.17,22.5,0.0,0.0,0.013078982,0.011780068,0.0,0.0,0.0,0.0,0.0052,0.0071,0.0,0.0094,-2.55699,1.40538,2.21742,141.8429,3.39116,1.56125,0,0,0.06348707,E00-110 Hall A,https://doi.org/10.1103/PhysRevC.92.055202,False,False,0.0,0.011780067911519016,0.0,1.323943661971831,False,True,True,False,False,False,False,False,0.39269908169872414,,,,,,False,False,xsec_nonpositive_or_missing;xsec_error_nonpositive_or_missing,False
2381,133,2,5.7572,1.453,0.345,-0.17,37.5,0.0,0.0,0.021270608,0.012416924,0.0,0.0,0.0,0.0,0.0165,0.0063,0.0,0.0107,-2.55699,1.40538,2.21742,141.8429,3.39116,1.56125,0,0,0.06348707,E00-110 Hall A,https://doi.org/10.1103/PhysRevC.92.055202,False,False,0.0,0.012416923934694938,0.0,0.6484848484848484,False,True,True,False,False,False,False,False,0.6544984694978736,,,,,,False,False,xsec_nonpositive_or_missing;xsec_error_nonpositive_or_missing,False
2382,133,3,5.7572,1.453,0.345,-0.17,52.5,0.0,0.0,0.020126367,0.005315073,0.0,0.0,0.0,0.0,0.0188,0.0052,0.0011,0.0011,-2.55699,1.40538,2.21742,141.8429,3.39116,1.56125,0,0,0.06348707,E00-110 Hall A,https://doi.org/10.1103/PhysRevC.92.055202,False,False,0.0,0.005315072906367325,0.0,0.05851063829787234,False,True,True,False,False,False,False,False,0.9162978572970231,,,,,,False,False,xsec_nonpositive_or_missing;xsec_error_nonpositive_or_missing,False
2383,133,4,5.7572,1.453,0.345,-0.17,67.5,0.0,0.0,0.01858636,0.005197115,0.0,0.0,0.0,0.0,0.0199,0.0045,0.0026,0.0,-2.55699,1.40538,2.21742,141.8429,3.39116,1.56125,0,0,0.06348707,E00-110 Hall A,https://doi.org/10.1103/PhysRevC.92.055202,False,False,0.0,0.005197114584074513,0.0,0.13065326633165827,False,True,True,False,False,False,False,False,1.1780972450961724,,,,,,False,False,xsec_nonpositive_or_missing;xsec_error_nonpositive_or_missing,False
2384,133,5,5.7572,1.453,0.345,-0.17,82.5,0.0,0.0,0.017432297,0.004308132,0.0,0.0,0.0,0.0,0.014,0.004,0.0016,0.0,-2.55699,1.40538,2.21742,141.8429,3.39116,1.56125,0,0,0.06348707,E00-110 Hall A,https://doi.org/10.1103/PhysRevC.92.055202,False,False,0.0,0.004308131845707603,0.0,0.11428571428571428,False,True,True,False,False,False,False,False,1.4398966328953218,,,,,,False,False,xsec_nonpositive_or_missing;xsec_error_nonpositive_or_missing,False
2385,133,6,5.7572,1.453,0.345,-0.17,97.5,0.0,0.0,0.011198748,0.004720169,0.0,0.0,0.0,0.0,0.0158,0.0038,0.0,0.0028,-2.55699,1.40538,2.21742,141.8429,3.39116,1.56125,0,0,0.06348707,E00-110 Hall A,https://doi.org/10.1103/PhysRevC.92.055202,False,False,0.0,0.004720169488482378,0.0,0.1772151898734177,False,True,True,False,False,False,False,False,1.7016960206944713,,,,,,False,False,xsec_nonpositive_or_missing;xsec_error_nonpositive_or_missing,False
2386,133,7,5.7572,1.453,0.345,-0.17,112.5,0.0,0.0,0.015978894,0.004070626,0.0,0.0,0.0,0.0,0.0159,0.0036,0.0019,0.0002,-2.55699,1.40538,2.21742,141.8429,3.39116,1.56125,0,0,0.06348707,E00-110 Hall A,https://doi.org/10.1103/PhysRevC.92.055202,False,False,0.0,0.004070626487409524,0.0,0.11949685534591194,False,True,True,False,False,False,False,False,1.9634954084936207,,,,,,False,False,xsec_nonpositive_or_missing;xsec_error_nonpositive_or_missing,False
2387,133,8,5.7572,1.453,0.345,-0.17,127.5,0.0,0.0,0.015536966,0.003624914,0.0,0.0,0.0,0.0,0.0127,0.0033,0.0015,0.0003,-2.55699,1.40538,2.21742,141.8429,3.39116,1.56125,0,0,0.06348707,E00-110 Hall A,https://doi.org/10.1103/PhysRevC.92.055202,False,False,0.0,0.0036249137920783716,0.0,0.11811023622047245,False,True,True,False,False,False,False,False,2.2252947962927703,,,,,,False,False,xsec_nonpositive_or_missing;xsec_error_nonpositive_or_missing,False
2388,133,9,5.7572,1.453,0.345,-0.17,142.5,0.0,0.0,0.015187292,0.004313931,0.0,0.0,0.0,0.0,0.01,0.0031,0.0,0.003,-2.55699,1.40538,2.21742,141.8429,3.39116,1.56125,0,0,0.06348707,E00-110 Hall A,https://doi.org/10.1103/PhysRevC.92.055202,False,False,0.0,0.004313930922024598,0.0,0.3,False,True,True,False,False,False,False,False,2.4870941840919194,,,,,,False,False,xsec_nonpositive_or_missing;xsec_error_nonpositive_or_missing,False
2389,133,10,5.7572,1.453,0.345,-0.17,157.5,0.0,0.0,-0.006454889,0.004172529,0.0,0.0,0.0,0.0,0.0068,0.0029,0.003,0.0,-2.55699,1.40538,2.21742,141.8429,3.39116,1.56125,0,0,0.06348707,E00-110 Hall A,https://doi.org/10.1103/PhysRevC.92.055202,False,False,0.0,0.004172529209005012,0.0,0.44117647058823534,False,True,True,False,False,False,False,False,2.748893571891069,,,,,,False,False,xsec_nonpositive_or_missing;xsec_error_nonpositive_or_missing,False
2390,133,11,5.7572,1.453,0.345,-0.17,172.5,0.0,0.0,-0.002559735,0.003224903,0.0,0.0,0.0,0.0,-0.0035,0.0028,0.0004,0.0016,-2.55699,1.40538,2.21742,141.8429,3.39116,1.56125,0,0,0.06348707,E00-110 Hall A,https://doi.org/10.1103/PhysRevC.92.055202,False,False,0.0,0.0032249030993194198,0.0,0.45714285714285713,False,True,True,False,False,False,False,False,3.0106929596902186,,,,,,False,False,xsec_nonpositive_or_missing;xsec_error_nonpositive_or_missing,False
2391,133,12,5.7572,1.453,0.345,-0.17,187.5,0.0,0.0,-0.004843642,0.003008322,0.0,0.0,0.0,0.0,-0.0019,0.0028,0.0011,0.0003,-2.55699,1.40538,2.21742,141.8429,3.39116,1.56125,0,0,0.06348707,E00-110 Hall A,https://doi.org/10.1103/PhysRevC.92.055202,False,False,0.0,0.0030083217912982648,0.0,0.3928571428571429,False,True,True,False,False,False,False,False,-3.0106929596902186,,,,,,False,False,xsec_nonpositive_or_missing;xsec_error_nonpositive_or_missing,False
2392,133,13,5.7572,1.453,0.345,-0.17,202.5,0.0,0.0,-0.006247886,0.003101612,0.0,0.0,0.0,0.0,-0.0053,0.0029,0.0011,0.0003,-2.55699,1.40538,2.21742,141.8429,3.39116,1.56125,0,0,0.06348707,E00-110 Hall A,https://doi.org/10.1103/PhysRevC.92.055202,False,False,0.0,0.0031016124838541643,0.0,0.20754716981132076,False,True,True,False,False,False,False,False,-2.748893571891069,,,,,,False,False,xsec_nonpositive_or_missing;xsec_error_nonpositive_or_missing,False
2393,133,14,5.7572,1.453,0.345,-0.17,217.5,0.0,0.0,-0.006745987,0.003605551,0.0,0.0,0.0,0.0,-0.0044,0.003,0.002,0.0008,-2.55699,1.40538,2.21742,141.8429,3.39116,1.56125,0,0,0.06348707,E00-110 Hall A,https://doi.org/10.1103/PhysRevC.92.055202,False,False,0.0,0.0036055512754639895,0.0,0.45454545454545453,False,True,True,False,False,False,False,False,-2.4870941840919194,,,,,,False,False,xsec_nonpositive_or_missing;xsec_error_nonpositive_or_missing,False
2394,133,15,5.7572,1.453,0.345,-0.17,232.5,0.0,0.0,-0.008576117,0.003383785,0.0,0.0,0.0,0.0,-0.008,0.0032,0.0011,0.0004,-2.55699,1.40538,2.21742,141.8429,3.39116,1.56125,0,0,0.06348707,E00-110 Hall A,https://doi.org/10.1103/PhysRevC.92.055202,False,False,0.0,0.003383784863137726,0.0,0.1375,False,True,True,False,False,False,False,False,-2.2252947962927703,,,,,,False,False,xsec_nonpositive_or_missing;xsec_error_nonpositive_or_missing,False
2395,133,16,5.7572,1.453,0.345,-0.17,247.5,0.0,0.0,-0.014453999,0.006637017,0.0,0.0,0.0,0.0,-0.0118,0.0034,0.0,0.0057,-2.55699,1.40538,2.21742,141.8429,3.39116,1.56125,0,0,0.06348707,E00-110 Hall A,https://doi.org/10.1103/PhysRevC.92.055202,False,False,0.0,0.006637017402418047,0.0,0.48305084745762716,False,True,True,False,False,False,False,False,-1.9634954084936207,,,,,,False,False,xsec_nonpositive_or_missing;xsec_error_nonpositive_or_missing,False
2396,133,17,5.7572,1.453,0.345,-0.17,262.5,0.0,0.0,-0.009991405,0.004951767,0.0,0.0,0.0,0.0,-0.0113,0.0036,0.0,0.0034,-2.55699,1.40538,2.21742,141.8429,3.39116,1.56125,0,0,0.06348707,E00-110 Hall A,https://doi.org/10.1103/PhysRevC.92.055202,False,False,0.0,0.004951767361255978,0.0,0.3008849557522124,False,True,True,False,False,False,False,False,-1.7016960206944713,,,,,,False,False,xsec_nonpositive_or_missing;xsec_error_nonpositive_or_missing,False
2397,133,18,5.7572,1.453,0.345,-0.17,277.5,0.0,0.0,-0.029788265,0.004579301,0.0,0.0,0.0,0.0,-0.024,0.0039,0.0024,0.0002,-2.55699,1.40538,2.21742,141.8429,3.39116,1.56125,0,0,0.06348707,E00-110 Hall A,https://doi.org/10.1103/PhysRevC.92.055202,False,False,0.0,0.004579301256742124,0.0,0.09999999999999999,False,True,True,False,False,False,False,False,-1.4398966328953218,,,,,,False,False,xsec_nonpositive_or_missing;xsec_error_nonpositive_or_missing,False
2398,133,19,5.7572,1.453,0.345,-0.17,292.5,0.0,0.0,-0.036270224,0.005011986,0.0,0.0,0.0,0.0,-0.0265,0.0044,0.0024,0.0,-2.55699,1.40538,2.21742,141.8429,3.39116,1.56125,0,0,0.06348707,E00-110 Hall A,https://doi.org/10.1103/PhysRevC.92.055202,False,False,0.0,0.005011985634456667,0.0,0.09056603773584905,False,True,True,False,False,False,False,False,-1.1780972450961724,,,,,,False,False,xsec_nonpositive_or_missing;xsec_error_nonpositive_or_missing,False
2399,133,20,5.7572,1.453,0.345,-0.17,307.5,0.0,0.0,-0.011267644,0.007213876,0.0,0.0,0.0,0.0,-0.0166,0.005,0.0052,0.0015,-2.55699,1.40538,2.21742,141.8429,3.39116,1.56125,0,0,0.06348707,E00-110 Hall A,https://doi.org/10.1103/PhysRevC.92.055202,False,False,0.0,0.007213875518748573,0.0,0.3132530120481928,False,True,True,False,False,False,False,False,-0.9162978572970231,,,,,,False,False,xsec_nonpositive_or_missing;xsec_error_nonpositive_or_missing,False
2400,133,21,5.7572,1.453,0.345,-0.17,322.5,0.0,0.0,-0.019137449,0.00762168,0.0,0.0,0.0,0.0,-0.0187,0.006,0.0047,0.0,-2.55699,1.40538,2.21742,141.8429,3.39116,1.56125,0,0,0.06348707,E00-110 Hall A,https://doi.org/10.1103/PhysRevC.92.055202,False,False,0.0,0.007621679604916491,0.0,0.25133689839572193,False,True,True,False,False,False,False,False,-0.6544984694978736,,,,,,False,False,xsec_nonpositive_or_missing;xsec_error_nonpositive_or_missing,False
2401,133,22,5.7572,1.453,0.345,-0.17,337.5,0.0,0.0,-0.010945233,0.007409453,0.0,0.0,0.0,0.0,-0.0057,0.0069,0.0027,0.0023,-2.55699,1.40538,2.21742,141.8429,3.39116,1.56125,0,0,0.06348707,E00-110 Hall A,https://doi.org/10.1103/PhysRevC.92.055202,False,False,0.0,0.007409453421137082,0.0,0.391304347826087,False,True,True,False,False,False,False,False,-0.39269908169872414,,,,,,False,False,xsec_nonpositive_or_missing;xsec_error_nonpositive_or_missing,False
2402,133,23,5.7572,1.453,0.345,-0.17,352.5,0.0,0.0,-0.013902075,0.007833901,0.0,0.0,0.0,0.0,-0.0014,0.0076,0.0016,0.0019,-2.55699,1.40538,2.21742,141.8429,3.39116,1.56125,0,0,0.06348707,E00-110 Hall A,https://doi.org/10.1103/PhysRevC.92.055202,False,False,0.0,0.007833900688673555,0.0,0.25,False,True,True,False,False,False,False,False,-0.1308996938995747,,,,,,False,False,xsec_nonpositive_or_missing;xsec_error_nonpositive_or_missing,False
2403,134,0,5.7572,1.552,0.374,-0.232,7.5,0.0,0.0,0.011418597,0.008766413,0.0,0.0,0.0,0.0,0.0057,0.0079,0.0,0.0038,-2.46342,1.1794,2.05692,96.13495,2.84671,1.39474,0,0,0.044464502,E00-110 Hall A,https://doi.org/10.1103/PhysRevC.92.055202,False,False,0.0,0.008766413177577247,0.0,0.48101265822784806,False,True,True,False,False,False,False,False,0.1308996938995747,,,,,,False,False,xsec_nonpositive_or_missing;xsec_error_nonpositive_or_missing,False
2404,134,1,5.7572,1.552,0.374,-0.232,22.5,0.0,0.0,-0.00681321,0.010998636,0.0,0.0,0.0,0.0,-0.0022,0.0071,0.0084,0.0,-2.46342,1.1794,2.05692,96.13495,2.84671,1.39474,0,0,0.044464502,E00-110 Hall A,https://doi.org/10.1103/PhysRevC.92.055202,False,False,0.0,0.010998636279102969,0.0,1.1830985915492955,False,True,True,False,False,False,False,False,0.39269908169872414,,,,,,False,False,xsec_nonpositive_or_missing;xsec_error_nonpositive_or_missing,False
2405,134,2,5.7572,1.552,0.374,-0.232,37.5,0.0,0.0,-0.009066938,0.006983552,0.0,0.0,0.0,0.0,0.0043,0.0061,0.0019,0.0034,-2.46342,1.1794,2.05692,96.13495,2.84671,1.39474,0,0,0.044464502,E00-110 Hall A,https://doi.org/10.1103/PhysRevC.92.055202,False,False,0.0,0.006983552104767315,0.0,0.5573770491803278,False,True,True,False,False,False,False,False,0.6544984694978736,,,,,,False,False,xsec_nonpositive_or_missing;xsec_error_nonpositive_or_missing,False
2406,134,3,5.7572,1.552,0.374,-0.232,52.5,0.0,0.0,0.00855959,0.006020797,0.0,0.0,0.0,0.0,0.0134,0.0051,0.0032,0.0012,-2.46342,1.1794,2.05692,96.13495,2.84671,1.39474,0,0,0.044464502,E00-110 Hall A,https://doi.org/10.1103/PhysRevC.92.055202,False,False,0.0,0.006020797289396148,0.0,0.23880597014925373,False,True,True,False,False,False,False,False,0.9162978572970231,,,,,,False,False,xsec_nonpositive_or_missing;xsec_error_nonpositive_or_missing,False
2407,134,4,5.7572,1.552,0.374,-0.232,67.5,0.0,0.0,0.010889726,0.0060959,0.0,0.0,0.0,0.0,0.0124,0.0046,0.0,0.004,-2.46342,1.1794,2.05692,96.13495,2.84671,1.39474,0,0,0.044464502,E00-110 Hall A,https://doi.org/10.1103/PhysRevC.92.055202,False,False,0.0,0.006095900261651269,0.0,0.3225806451612903,False,True,True,False,False,False,False,False,1.1780972450961724,,,,,,False,False,xsec_nonpositive_or_missing;xsec_error_nonpositive_or_missing,False
2408,134,5,5.7572,1.552,0.374,-0.232,82.5,0.0,0.0,0.008764013,0.003929377,0.0,0.0,0.0,0.0,0.0122,0.0038,0.001,0.0,-2.46342,1.1794,2.05692,96.13495,2.84671,1.39474,0,0,0.044464502,E00-110 Hall A,https://doi.org/10.1103/PhysRevC.92.055202,False,False,0.0,0.0039293765408777,0.0,0.08196721311475409,False,True,True,False,False,False,False,False,1.4398966328953218,,,,,,False,False,xsec_nonpositive_or_missing;xsec_error_nonpositive_or_missing,False
2409,134,6,5.7572,1.552,0.374,-0.232,97.5,0.0,0.0,0.00722435,0.003848376,0.0,0.0,0.0,0.0,0.0083,0.0035,0.0016,0.0011,-2.46342,1.1794,2.05692,96.13495,2.84671,1.39474,0,0,0.044464502,E00-110 Hall A,https://doi.org/10.1103/PhysRevC.92.055202,False,False,0.0,0.0038483762809787716,0.0,0.1927710843373494,False,True,True,False,False,False,False,False,1.7016960206944713,,,,,,False,False,xsec_nonpositive_or_missing;xsec_error_nonpositive_or_missing,False
2410,134,7,5.7572,1.552,0.374,-0.232,112.5,0.0,0.0,0.012917508,0.003712142,0.0,0.0,0.0,0.0,0.0136,0.0033,0.0007,0.0017,-2.46342,1.1794,2.05692,96.13495,2.84671,1.39474,0,0,0.044464502,E00-110 Hall A,https://doi.org/10.1103/PhysRevC.92.055202,False,False,0.0,0.0037121422386541167,0.0,0.125,False,True,True,False,False,False,False,False,1.9634954084936207,,,,,,False,False,xsec_nonpositive_or_missing;xsec_error_nonpositive_or_missing,False
2411,134,8,5.7572,1.552,0.374,-0.232,127.5,0.0,0.0,0.00661825,0.005798276,0.0,0.0,0.0,0.0,0.0067,0.0031,0.0,0.0049,-2.46342,1.1794,2.05692,96.13495,2.84671,1.39474,0,0,0.044464502,E00-110 Hall A,https://doi.org/10.1103/PhysRevC.92.055202,False,False,0.0,0.00579827560572969,0.0,0.7313432835820896,False,True,True,False,False,False,False,False,2.2252947962927703,,,,,,False,False,xsec_nonpositive_or_missing;xsec_error_nonpositive_or_missing,False
2412,134,9,5.7572,1.552,0.374,-0.232,142.5,0.0,0.0,0.008762553,0.004404543,0.0,0.0,0.0,0.0,0.0077,0.0028,0.0,0.0034,-2.46342,1.1794,2.05692,96.13495,2.84671,1.39474,0,0,0.044464502,E00-110 Hall A,https://doi.org/10.1103/PhysRevC.92.055202,False,False,0.0,0.004404543109109048,0.0,0.44155844155844154,False,True,True,False,False,False,False,False,2.4870941840919194,,,,,,False,False,xsec_nonpositive_or_missing;xsec_error_nonpositive_or_missing,False
2413,134,10,5.7572,1.552,0.374,-0.232,157.5,0.0,0.0,0.005326534,0.002915476,0.0,0.0,0.0,0.0,0.003,0.0027,0.0011,0.0,-2.46342,1.1794,2.05692,96.13495,2.84671,1.39474,0,0,0.044464502,E00-110 Hall A,https://doi.org/10.1103/PhysRevC.92.055202,False,False,0.0,0.00291547594742265,0.0,0.3666666666666667,False,True,True,False,False,False,False,False,2.748893571891069,,,,,,False,False,xsec_nonpositive_or_missing;xsec_error_nonpositive_or_missing,False
2414,134,11,5.7572,1.552,0.374,-0.232,172.5,0.0,0.0,-0.004845049,0.003088689,0.0,0.0,0.0,0.0,-0.0016,0.0027,0.0015,0.0003,-2.46342,1.1794,2.05692,96.13495,2.84671,1.39474,0,0,0.044464502,E00-110 Hall A,https://doi.org/10.1103/PhysRevC.92.055202,False,False,0.0,0.0030886890422961,0.0,0.5555555555555556,False,True,True,False,False,False,False,False,3.0106929596902186,,,,,,False,False,xsec_nonpositive_or_missing;xsec_error_nonpositive_or_missing,False
2415,134,12,5.7572,1.552,0.374,-0.232,187.5,0.0,0.0,-0.002304751,0.002785678,0.0,0.0,0.0,0.0,0.001,0.0026,0.001,0.0004,-2.46342,1.1794,2.05692,96.13495,2.84671,1.39474,0,0,0.044464502,E00-110 Hall A,https://doi.org/10.1103/PhysRevC.92.055202,False,False,0.0,0.002785677655436824,0.0,0.38461538461538464,False,True,True,False,False,False,False,False,-3.0106929596902186,,,,,,False,False,xsec_nonpositive_or_missing;xsec_error_nonpositive_or_missing,False
2416,134,13,5.7572,1.552,0.374,-0.232,202.5,0.0,0.0,0.00122595,0.004882622,0.0,0.0,0.0,0.0,-0.0018,0.0028,0.004,0.0,-2.46342,1.1794,2.05692,96.13495,2.84671,1.39474,0,0,0.044464502,E00-110 Hall A,https://doi.org/10.1103/PhysRevC.92.055202,False,False,0.0,0.004882622246293481,0.0,1.4285714285714286,False,True,True,False,False,False,False,False,-2.748893571891069,,,,,,False,False,xsec_nonpositive_or_missing;xsec_error_nonpositive_or_missing,False
2417,134,14,5.7572,1.552,0.374,-0.232,217.5,0.0,0.0,-0.004608187,0.003138471,0.0,0.0,0.0,0.0,-0.0049,0.0029,0.0012,0.0009,-2.46342,1.1794,2.05692,96.13495,2.84671,1.39474,0,0,0.044464502,E00-110 Hall A,https://doi.org/10.1103/PhysRevC.92.055202,False,False,0.0,0.003138470965295043,0.0,0.24489795918367346,False,True,True,False,False,False,False,False,-2.4870941840919194,,,,,,False,False,xsec_nonpositive_or_missing;xsec_error_nonpositive_or_missing,False
2418,134,15,5.7572,1.552,0.374,-0.232,232.5,0.0,0.0,-0.011081363,0.003138471,0.0,0.0,0.0,0.0,-0.0087,0.0029,0.0011,0.0012,-2.46342,1.1794,2.05692,96.13495,2.84671,1.39474,0,0,0.044464502,E00-110 Hall A,https://doi.org/10.1103/PhysRevC.92.055202,False,False,0.0,0.003138470965295043,0.0,0.13793103448275862,False,True,True,False,False,False,False,False,-2.2252947962927703,,,,,,False,False,xsec_nonpositive_or_missing;xsec_error_nonpositive_or_missing,False
2419,134,16,5.7572,1.552,0.374,-0.232,247.5,0.0,0.0,-0.013014717,0.004,0.0,0.0,0.0,0.0,-0.0104,0.0032,0.0024,0.0,-2.46342,1.1794,2.05692,96.13495,2.84671,1.39474,0,0,0.044464502,E00-110 Hall A,https://doi.org/10.1103/PhysRevC.92.055202,False,False,0.0,0.004,0.0,0.23076923076923075,False,True,True,False,False,False,False,False,-1.9634954084936207,,,,,,False,False,xsec_nonpositive_or_missing;xsec_error_nonpositive_or_missing,False
2420,134,17,5.7572,1.552,0.374,-0.232,262.5,0.0,0.0,-0.007578764,0.004243819,0.0,0.0,0.0,0.0,-0.0079,0.0035,0.0024,0.001,-2.46342,1.1794,2.05692,96.13495,2.84671,1.39474,0,0,0.044464502,E00-110 Hall A,https://doi.org/10.1103/PhysRevC.92.055202,False,False,0.0,0.004243819034784589,0.0,0.30379746835443033,False,True,True,False,False,False,False,False,-1.7016960206944713,,,,,,False,False,xsec_nonpositive_or_missing;xsec_error_nonpositive_or_missing,False
2421,134,18,5.7572,1.552,0.374,-0.232,277.5,0.0,0.0,-0.011691762,0.004883646,0.0,0.0,0.0,0.0,-0.011,0.0036,0.0,0.0033,-2.46342,1.1794,2.05692,96.13495,2.84671,1.39474,0,0,0.044464502,E00-110 Hall A,https://doi.org/10.1103/PhysRevC.92.055202,False,False,0.0,0.004883646178829912,0.0,0.3,False,True,True,False,False,False,False,False,-1.4398966328953218,,,,,,False,False,xsec_nonpositive_or_missing;xsec_error_nonpositive_or_missing,False
2422,134,19,5.7572,1.552,0.374,-0.232,292.5,0.0,0.0,-0.014031944,0.004459821,0.0,0.0,0.0,0.0,-0.0164,0.0042,0.0009,0.0015,-2.46342,1.1794,2.05692,96.13495,2.84671,1.39474,0,0,0.044464502,E00-110 Hall A,https://doi.org/10.1103/PhysRevC.92.055202,False,False,0.0,0.004459820624195552,0.0,0.09146341463414634,False,True,True,False,False,False,False,False,-1.1780972450961724,,,,,,False,False,xsec_nonpositive_or_missing;xsec_error_nonpositive_or_missing,False
2423,134,20,5.7572,1.552,0.374,-0.232,307.5,0.0,0.0,-0.012981045,0.005630275,0.0,0.0,0.0,0.0,-0.01,0.0047,0.0031,0.0,-2.46342,1.1794,2.05692,96.13495,2.84671,1.39474,0,0,0.044464502,E00-110 Hall A,https://doi.org/10.1103/PhysRevC.92.055202,False,False,0.0,0.0056302753041036985,0.0,0.31,False,True,True,False,False,False,False,False,-0.9162978572970231,,,,,,False,False,xsec_nonpositive_or_missing;xsec_error_nonpositive_or_missing,False
2424,134,21,5.7572,1.552,0.374,-0.232,322.5,0.0,0.0,-0.007898285,0.00813941,0.0,0.0,0.0,0.0,-0.0118,0.006,0.0,0.0055,-2.46342,1.1794,2.05692,96.13495,2.84671,1.39474,0,0,0.044464502,E00-110 Hall A,https://doi.org/10.1103/PhysRevC.92.055202,False,False,0.0,0.008139410298049854,0.0,0.4661016949152542,False,True,True,False,False,False,False,False,-0.6544984694978736,,,,,,False,False,xsec_nonpositive_or_missing;xsec_error_nonpositive_or_missing,False
2425,134,22,5.7572,1.552,0.374,-0.232,337.5,0.0,0.0,0.014140701,0.00821523,0.0,0.0,0.0,0.0,-0.0068,0.007,0.0043,0.0,-2.46342,1.1794,2.05692,96.13495,2.84671,1.39474,0,0,0.044464502,E00-110 Hall A,https://doi.org/10.1103/PhysRevC.92.055202,False,False,0.0,0.008215229759416348,0.0,0.6142857142857143,False,True,True,False,False,False,False,False,-0.39269908169872414,,,,,,False,False,xsec_nonpositive_or_missing;xsec_error_nonpositive_or_missing,False
2426,134,23,5.7572,1.552,0.374,-0.232,352.5,0.0,0.0,-0.001769751,0.016995588,0.0,0.0,0.0,0.0,-0.0043,0.0078,0.0151,0.0,-2.46342,1.1794,2.05692,96.13495,2.84671,1.39474,0,0,0.044464502,E00-110 Hall A,https://doi.org/10.1103/PhysRevC.92.055202,False,False,0.0,0.016995587662684688,0.0,1.9358974358974361,False,True,True,False,False,False,False,False,-0.1308996938995747,,,,,,False,False,xsec_nonpositive_or_missing;xsec_error_nonpositive_or_missing,False
2427,135,0,5.7572,1.589,0.385,-0.278,7.5,0.0,0.0,0.033318111,0.017288435,0.0,0.0,0.0,0.0,-0.0072,0.0108,0.0,0.0135,-2.4092,1.0476,1.94885,77.97652,2.58216,1.31412,0,0,0.037648726,E00-110 Hall A,https://doi.org/10.1103/PhysRevC.92.055202,False,False,0.0,0.017288435441068693,0.0,1.25,False,True,True,False,False,False,False,False,0.1308996938995747,,,,,,False,False,xsec_nonpositive_or_missing;xsec_error_nonpositive_or_missing,False
2428,135,1,5.7572,1.589,0.385,-0.278,22.5,0.0,0.0,0.015730979,0.0133124,0.0,0.0,0.0,0.0,0.0031,0.0089,0.0099,0.0018,-2.4092,1.0476,1.94885,77.97652,2.58216,1.31412,0,0,0.037648726,E00-110 Hall A,https://doi.org/10.1103/PhysRevC.92.055202,False,False,0.0,0.013312400234367956,0.0,1.1123595505617978,False,True,True,False,False,False,False,False,0.39269908169872414,,,,,,False,False,xsec_nonpositive_or_missing;xsec_error_nonpositive_or_missing,False
2429,135,2,5.7572,1.589,0.385,-0.278,37.5,0.0,0.0,0.019085679,0.00858021,0.0,0.0,0.0,0.0,0.0203,0.0069,0.0,0.0051,-2.4092,1.0476,1.94885,77.97652,2.58216,1.31412,0,0,0.037648726,E00-110 Hall A,https://doi.org/10.1103/PhysRevC.92.055202,False,False,0.0,0.008580209787645055,0.0,0.2512315270935961,False,True,True,False,False,False,False,False,0.6544984694978736,,,,,,False,False,xsec_nonpositive_or_missing;xsec_error_nonpositive_or_missing,False
2430,135,3,5.7572,1.589,0.385,-0.278,52.5,0.0,0.0,0.012450917,0.007080254,0.0,0.0,0.0,0.0,0.0183,0.0057,0.0,0.0042,-2.4092,1.0476,1.94885,77.97652,2.58216,1.31412,0,0,0.037648726,E00-110 Hall A,https://doi.org/10.1103/PhysRevC.92.055202,False,False,0.0,0.007080254232723568,0.0,0.22950819672131145,False,True,True,False,False,False,False,False,0.9162978572970231,,,,,,False,False,xsec_nonpositive_or_missing;xsec_error_nonpositive_or_missing,False
2431,135,4,5.7572,1.589,0.385,-0.278,67.5,0.0,0.0,-0.001847844,0.005366563,0.0,0.0,0.0,0.0,0.0054,0.0048,0.0024,0.0,-2.4092,1.0476,1.94885,77.97652,2.58216,1.31412,0,0,0.037648726,E00-110 Hall A,https://doi.org/10.1103/PhysRevC.92.055202,False,False,0.0,0.005366563145999495,0.0,0.44444444444444436,False,True,True,False,False,False,False,False,1.1780972450961724,,,,,,False,False,xsec_nonpositive_or_missing;xsec_error_nonpositive_or_missing,False
2432,135,5,5.7572,1.589,0.385,-0.278,82.5,0.0,0.0,-0.00338202,0.00734983,0.0,0.0,0.0,0.0,0.009,0.0041,0.0061,0.0,-2.4092,1.0476,1.94885,77.97652,2.58216,1.31412,0,0,0.037648726,E00-110 Hall A,https://doi.org/10.1103/PhysRevC.92.055202,False,False,0.0,0.007349829930005184,0.0,0.6777777777777779,False,True,True,False,False,False,False,False,1.4398966328953218,,,,,,False,False,xsec_nonpositive_or_missing;xsec_error_nonpositive_or_missing,False
2433,135,6,5.7572,1.589,0.385,-0.278,97.5,0.0,0.0,0.008423432,0.004860041,0.0,0.0,0.0,0.0,0.0086,0.0039,0.0018,0.0029,-2.4092,1.0476,1.94885,77.97652,2.58216,1.31412,0,0,0.037648726,E00-110 Hall A,https://doi.org/10.1103/PhysRevC.92.055202,False,False,0.0,0.004860041152089147,0.0,0.3372093023255814,False,True,True,False,False,False,False,False,1.7016960206944713,,,,,,False,False,xsec_nonpositive_or_missing;xsec_error_nonpositive_or_missing,False
2434,135,7,5.7572,1.589,0.385,-0.278,112.5,0.0,0.0,-0.005429628,0.006185467,0.0,0.0,0.0,0.0,-0.0022,0.0035,0.0051,0.0,-2.4092,1.0476,1.94885,77.97652,2.58216,1.31412,0,0,0.037648726,E00-110 Hall A,https://doi.org/10.1103/PhysRevC.92.055202,False,False,0.0,0.006185466837676846,0.0,1.4571428571428573,False,True,True,False,False,False,False,False,1.9634954084936207,,,,,,False,False,xsec_nonpositive_or_missing;xsec_error_nonpositive_or_missing,False
2435,135,8,5.7572,1.589,0.385,-0.278,127.5,0.0,0.0,0.011733548,0.005685948,0.0,0.0,0.0,0.0,0.004,0.0032,0.0047,0.0,-2.4092,1.0476,1.94885,77.97652,2.58216,1.31412,0,0,0.037648726,E00-110 Hall A,https://doi.org/10.1103/PhysRevC.92.055202,False,False,0.0,0.005685947590331799,0.0,1.175,False,True,True,False,False,False,False,False,2.2252947962927703,,,,,,False,False,xsec_nonpositive_or_missing;xsec_error_nonpositive_or_missing,False
2436,135,9,5.7572,1.589,0.385,-0.278,142.5,0.0,0.0,0.005075349,0.003758989,0.0,0.0,0.0,0.0,0.0042,0.0033,0.0018,0.0,-2.4092,1.0476,1.94885,77.97652,2.58216,1.31412,0,0,0.037648726,E00-110 Hall A,https://doi.org/10.1103/PhysRevC.92.055202,False,False,0.0,0.0037589892258425,0.0,0.4285714285714286,False,True,True,False,False,False,False,False,2.4870941840919194,,,,,,False,False,xsec_nonpositive_or_missing;xsec_error_nonpositive_or_missing,False
2437,135,10,5.7572,1.589,0.385,-0.278,157.5,0.0,0.0,0.003825814,0.004114608,0.0,0.0,0.0,0.0,0.008,0.0037,0.0009,0.0018,-2.4092,1.0476,1.94885,77.97652,2.58216,1.31412,0,0,0.037648726,E00-110 Hall A,https://doi.org/10.1103/PhysRevC.92.055202,False,False,0.0,0.0041146081222881966,0.0,0.22499999999999998,False,True,True,False,False,False,False,False,2.748893571891069,,,,,,False,False,xsec_nonpositive_or_missing;xsec_error_nonpositive_or_missing,False
2438,135,11,5.7572,1.589,0.385,-0.278,172.5,0.0,0.0,0.00066296,0.006161169,0.0,0.0,0.0,0.0,-0.002,0.0036,0.005,0.0,-2.4092,1.0476,1.94885,77.97652,2.58216,1.31412,0,0,0.037648726,E00-110 Hall A,https://doi.org/10.1103/PhysRevC.92.055202,False,False,0.0,0.006161168720299745,0.0,1.388888888888889,False,True,True,False,False,False,False,False,3.0106929596902186,,,,,,False,False,xsec_nonpositive_or_missing;xsec_error_nonpositive_or_missing,False
2439,135,12,5.7572,1.589,0.385,-0.278,187.5,0.0,0.0,0.003872641,0.003794733,0.0,0.0,0.0,0.0,0.0002,0.0036,0.0012,0.0008,-2.4092,1.0476,1.94885,77.97652,2.58216,1.31412,0,0,0.037648726,E00-110 Hall A,https://doi.org/10.1103/PhysRevC.92.055202,False,False,0.0,0.0037947331922020553,0.0,0.3333333333333333,False,True,True,False,False,False,False,False,-3.0106929596902186,,,,,,False,False,xsec_nonpositive_or_missing;xsec_error_nonpositive_or_missing,False
2440,135,13,5.7572,1.589,0.385,-0.278,202.5,0.0,0.0,0.007506228,0.004808326,0.0,0.0,0.0,0.0,0.0009,0.0034,0.0,0.0034,-2.4092,1.0476,1.94885,77.97652,2.58216,1.31412,0,0,0.037648726,E00-110 Hall A,https://doi.org/10.1103/PhysRevC.92.055202,False,False,0.0,0.004808326112068523,0.0,1.0,False,True,True,False,False,False,False,False,-2.748893571891069,,,,,,False,False,xsec_nonpositive_or_missing;xsec_error_nonpositive_or_missing,False
2441,135,14,5.7572,1.589,0.385,-0.278,217.5,0.0,0.0,0.000351486,0.003894868,0.0,0.0,0.0,0.0,-0.0015,0.0034,0.0011,0.0019,-2.4092,1.0476,1.94885,77.97652,2.58216,1.31412,0,0,0.037648726,E00-110 Hall A,https://doi.org/10.1103/PhysRevC.92.055202,False,False,0.0,0.003894868418830089,0.0,0.5588235294117647,False,True,True,False,False,False,False,False,-2.4870941840919194,,,,,,False,False,xsec_nonpositive_or_missing;xsec_error_nonpositive_or_missing,False
2442,135,15,5.7572,1.589,0.385,-0.278,232.5,0.0,0.0,-0.006964682,0.003721559,0.0,0.0,0.0,0.0,-0.0052,0.0032,0.0019,0.0,-2.4092,1.0476,1.94885,77.97652,2.58216,1.31412,0,0,0.037648726,E00-110 Hall A,https://doi.org/10.1103/PhysRevC.92.055202,False,False,0.0,0.003721558813185679,0.0,0.3653846153846154,False,True,True,False,False,False,False,False,-2.2252947962927703,,,,,,False,False,xsec_nonpositive_or_missing;xsec_error_nonpositive_or_missing,False
2443,135,16,5.7572,1.589,0.385,-0.278,247.5,0.0,0.0,-0.005755115,0.003569314,0.0,0.0,0.0,0.0,-0.0115,0.0035,0.0007,0.0002,-2.4092,1.0476,1.94885,77.97652,2.58216,1.31412,0,0,0.037648726,E00-110 Hall A,https://doi.org/10.1103/PhysRevC.92.055202,False,False,0.0,0.0035693136595149498,0.0,0.06086956521739131,False,True,True,False,False,False,False,False,-1.9634954084936207,,,,,,False,False,xsec_nonpositive_or_missing;xsec_error_nonpositive_or_missing,False
2444,135,17,5.7572,1.589,0.385,-0.278,262.5,0.0,0.0,-0.003660903,0.003992493,0.0,0.0,0.0,0.0,-0.0062,0.0037,0.0008,0.0015,-2.4092,1.0476,1.94885,77.97652,2.58216,1.31412,0,0,0.037648726,E00-110 Hall A,https://doi.org/10.1103/PhysRevC.92.055202,False,False,0.0,0.003992492955535426,0.0,0.24193548387096775,False,True,True,False,False,False,False,False,-1.7016960206944713,,,,,,False,False,xsec_nonpositive_or_missing;xsec_error_nonpositive_or_missing,False
2445,135,18,5.7572,1.589,0.385,-0.278,277.5,0.0,0.0,-0.014209039,0.004026164,0.0,0.0,0.0,0.0,-0.0093,0.0039,0.001,0.0,-2.4092,1.0476,1.94885,77.97652,2.58216,1.31412,0,0,0.037648726,E00-110 Hall A,https://doi.org/10.1103/PhysRevC.92.055202,False,False,0.0,0.004026164427839479,0.0,0.10752688172043012,False,True,True,False,False,False,False,False,-1.4398966328953218,,,,,,False,False,xsec_nonpositive_or_missing;xsec_error_nonpositive_or_missing,False
2446,135,19,5.7572,1.589,0.385,-0.278,292.5,0.0,0.0,-0.008096593,0.004810405,0.0,0.0,0.0,0.0,-0.0075,0.0045,0.0009,0.0017,-2.4092,1.0476,1.94885,77.97652,2.58216,1.31412,0,0,0.037648726,E00-110 Hall A,https://doi.org/10.1103/PhysRevC.92.055202,False,False,0.0,0.004810405388322277,0.0,0.22666666666666666,False,True,True,False,False,False,False,False,-1.1780972450961724,,,,,,False,False,xsec_nonpositive_or_missing;xsec_error_nonpositive_or_missing,False
2447,135,20,5.7572,1.589,0.385,-0.278,307.5,0.0,0.0,-0.00257106,0.007218033,0.0,0.0,0.0,0.0,-0.0025,0.0053,0.0,0.0049,-2.4092,1.0476,1.94885,77.97652,2.58216,1.31412,0,0,0.037648726,E00-110 Hall A,https://doi.org/10.1103/PhysRevC.92.055202,False,False,0.0,0.007218032973047435,0.0,0.9245283018867925,False,True,True,False,False,False,False,False,-0.9162978572970231,,,,,,False,False,xsec_nonpositive_or_missing;xsec_error_nonpositive_or_missing,False
2448,135,21,5.7572,1.589,0.385,-0.278,322.5,0.0,0.0,-0.028814597,0.010191173,0.0,0.0,0.0,0.0,-0.0174,0.0069,0.0075,0.0,-2.4092,1.0476,1.94885,77.97652,2.58216,1.31412,0,0,0.037648726,E00-110 Hall A,https://doi.org/10.1103/PhysRevC.92.055202,False,False,0.0,0.010191172650877817,0.0,0.4310344827586207,False,True,True,False,False,False,False,False,-0.6544984694978736,,,,,,False,False,xsec_nonpositive_or_missing;xsec_error_nonpositive_or_missing,False
2449,135,22,5.7572,1.589,0.385,-0.278,337.5,0.0,0.0,0.006395105,0.015560206,0.0,0.0,0.0,0.0,-0.003,0.0094,0.0,0.0124,-2.4092,1.0476,1.94885,77.97652,2.58216,1.31412,0,0,0.037648726,E00-110 Hall A,https://doi.org/10.1103/PhysRevC.92.055202,False,False,0.0,0.015560205654167943,0.0,1.3191489361702127,False,True,True,False,False,False,False,False,-0.39269908169872414,,,,,,False,False,xsec_nonpositive_or_missing;xsec_error_nonpositive_or_missing,False
2450,135,23,5.7572,1.589,0.385,-0.278,352.5,0.0,0.0,-0.011537188,0.011827088,0.0,0.0,0.0,0.0,0.0005,0.0112,0.0026,0.0038,-2.4092,1.0476,1.94885,77.97652,2.58216,1.31412,0,0,0.037648726,E00-110 Hall A,https://doi.org/10.1103/PhysRevC.92.055202,False,False,0.0,0.011827087553578015,0.0,0.3392857142857143,False,True,True,False,False,False,False,False,-0.1308996938995747,,,,,,False,False,xsec_nonpositive_or_missing;xsec_error_nonpositive_or_missing,False
2451,136,0,5.7572,1.608,0.391,-0.323,7.5,0.0,0.0,-0.00121805,0.014515164,0.0,0.0,0.0,0.0,0.0042,0.0138,0.0045,0.0032,-2.36247,0.93638,1.85115,66.08137,2.37847,1.25234,0,0,0.03343431,E00-110 Hall A,https://doi.org/10.1103/PhysRevC.92.055202,False,False,0.0,0.014515164484083534,0.0,0.32608695652173914,False,True,True,False,False,False,False,False,0.1308996938995747,,,,,,False,False,xsec_nonpositive_or_missing;xsec_error_nonpositive_or_missing,False
2452,136,1,5.7572,1.608,0.391,-0.323,22.5,0.0,0.0,0.027042178,0.017497714,0.0,0.0,0.0,0.0,0.0108,0.0131,0.0,0.0116,-2.36247,0.93638,1.85115,66.08137,2.37847,1.25234,0,0,0.03343431,E00-110 Hall A,https://doi.org/10.1103/PhysRevC.92.055202,False,False,0.0,0.01749771413642365,0.0,0.8854961832061068,False,True,True,False,False,False,False,False,0.39269908169872414,,,,,,False,False,xsec_nonpositive_or_missing;xsec_error_nonpositive_or_missing,False
2453,136,2,5.7572,1.608,0.391,-0.323,37.5,0.0,0.0,0.00704911,0.009493682,0.0,0.0,0.0,0.0,0.018,0.0087,0.0038,0.0,-2.36247,0.93638,1.85115,66.08137,2.37847,1.25234,0,0,0.03343431,E00-110 Hall A,https://doi.org/10.1103/PhysRevC.92.055202,False,False,0.0,0.009493682109698006,0.0,0.21111111111111114,False,True,True,False,False,False,False,False,0.6544984694978736,,,,,,False,False,xsec_nonpositive_or_missing;xsec_error_nonpositive_or_missing,False
2454,136,3,5.7572,1.608,0.391,-0.323,52.5,0.0,0.0,0.009585423,0.010217632,0.0,0.0,0.0,0.0,0.018,0.0066,0.0078,0.0,-2.36247,0.93638,1.85115,66.08137,2.37847,1.25234,0,0,0.03343431,E00-110 Hall A,https://doi.org/10.1103/PhysRevC.92.055202,False,False,0.0,0.01021763181955584,0.0,0.43333333333333335,False,True,True,False,False,False,False,False,0.9162978572970231,,,,,,False,False,xsec_nonpositive_or_missing;xsec_error_nonpositive_or_missing,False
2455,136,4,5.7572,1.608,0.391,-0.323,67.5,0.0,0.0,0.023301057,0.007093659,0.0,0.0,0.0,0.0,0.0139,0.0054,0.0004,0.0046,-2.36247,0.93638,1.85115,66.08137,2.37847,1.25234,0,0,0.03343431,E00-110 Hall A,https://doi.org/10.1103/PhysRevC.92.055202,False,False,0.0,0.00709365914038728,0.0,0.33093525179856115,False,True,True,False,False,False,False,False,1.1780972450961724,,,,,,False,False,xsec_nonpositive_or_missing;xsec_error_nonpositive_or_missing,False
2456,136,5,5.7572,1.608,0.391,-0.323,82.5,0.0,0.0,0.006622765,0.005841233,0.0,0.0,0.0,0.0,0.0057,0.0046,0.0036,0.0,-2.36247,0.93638,1.85115,66.08137,2.37847,1.25234,0,0,0.03343431,E00-110 Hall A,https://doi.org/10.1103/PhysRevC.92.055202,False,False,0.0,0.005841232746604093,0.0,0.631578947368421,False,True,True,False,False,False,False,False,1.4398966328953218,,,,,,False,False,xsec_nonpositive_or_missing;xsec_error_nonpositive_or_missing,False
2457,136,6,5.7572,1.608,0.391,-0.323,97.5,0.0,0.0,0.001901248,0.006155485,0.0,0.0,0.0,0.0,0.0006,0.0042,0.0045,0.0,-2.36247,0.93638,1.85115,66.08137,2.37847,1.25234,0,0,0.03343431,E00-110 Hall A,https://doi.org/10.1103/PhysRevC.92.055202,False,False,0.0,0.006155485358604957,0.0,1.0714285714285714,False,True,True,False,False,False,False,False,1.7016960206944713,,,,,,False,False,xsec_nonpositive_or_missing;xsec_error_nonpositive_or_missing,False
2458,136,7,5.7572,1.608,0.391,-0.323,112.5,0.0,0.0,0.004743498,0.00414367,0.0,0.0,0.0,0.0,0.0063,0.0039,0.0013,0.0014,-2.36247,0.93638,1.85115,66.08137,2.37847,1.25234,0,0,0.03343431,E00-110 Hall A,https://doi.org/10.1103/PhysRevC.92.055202,False,False,0.0,0.004143669871020132,0.0,0.2222222222222222,False,True,True,False,False,False,False,False,1.9634954084936207,,,,,,False,False,xsec_nonpositive_or_missing;xsec_error_nonpositive_or_missing,False
2459,136,8,5.7572,1.608,0.391,-0.323,127.5,0.0,0.0,0.007726147,0.004429447,0.0,0.0,0.0,0.0,0.002,0.0039,0.0001,0.0021,-2.36247,0.93638,1.85115,66.08137,2.37847,1.25234,0,0,0.03343431,E00-110 Hall A,https://doi.org/10.1103/PhysRevC.92.055202,False,False,0.0,0.00442944691807002,0.0,0.5384615384615384,False,True,True,False,False,False,False,False,2.2252947962927703,,,,,,False,False,xsec_nonpositive_or_missing;xsec_error_nonpositive_or_missing,False
2460,136,9,5.7572,1.608,0.391,-0.323,142.5,0.0,0.0,0.002850855,0.005408327,0.0,0.0,0.0,0.0,0.0012,0.0045,0.0006,0.003,-2.36247,0.93638,1.85115,66.08137,2.37847,1.25234,0,0,0.03343431,E00-110 Hall A,https://doi.org/10.1103/PhysRevC.92.055202,False,False,0.0,0.005408326913195984,0.0,0.6666666666666667,False,True,True,False,False,False,False,False,2.4870941840919194,,,,,,False,False,xsec_nonpositive_or_missing;xsec_error_nonpositive_or_missing,False
2461,136,10,5.7572,1.608,0.391,-0.323,157.5,0.0,0.0,0.015632239,0.00688186,0.0,0.0,0.0,0.0,0.0059,0.0056,0.004,0.0007,-2.36247,0.93638,1.85115,66.08137,2.37847,1.25234,0,0,0.03343431,E00-110 Hall A,https://doi.org/10.1103/PhysRevC.92.055202,False,False,0.0,0.006881860213634101,0.0,0.6779661016949153,False,True,True,False,False,False,False,False,2.748893571891069,,,,,,False,False,xsec_nonpositive_or_missing;xsec_error_nonpositive_or_missing,False
2462,136,11,5.7572,1.608,0.391,-0.323,172.5,0.0,0.0,-0.005303265,0.006989278,0.0,0.0,0.0,0.0,-0.0018,0.0066,0.0023,0.0,-2.36247,0.93638,1.85115,66.08137,2.37847,1.25234,0,0,0.03343431,E00-110 Hall A,https://doi.org/10.1103/PhysRevC.92.055202,False,False,0.0,0.00698927750200262,0.0,0.3484848484848485,False,True,True,False,False,False,False,False,3.0106929596902186,,,,,,False,False,xsec_nonpositive_or_missing;xsec_error_nonpositive_or_missing,False
2463,136,12,5.7572,1.608,0.391,-0.323,187.5,0.0,0.0,-0.012133243,0.007406079,0.0,0.0,0.0,0.0,-0.0139,0.0061,0.0,0.0042,-2.36247,0.93638,1.85115,66.08137,2.37847,1.25234,0,0,0.03343431,E00-110 Hall A,https://doi.org/10.1103/PhysRevC.92.055202,False,False,0.0,0.0074060785845142104,0.0,0.302158273381295,False,True,True,False,False,False,False,False,-3.0106929596902186,,,,,,False,False,xsec_nonpositive_or_missing;xsec_error_nonpositive_or_missing,False
2464,136,13,5.7572,1.608,0.391,-0.323,202.5,0.0,0.0,0.000956596,0.005887274,0.0,0.0,0.0,0.0,0.0018,0.0055,0.002,0.0021,-2.36247,0.93638,1.85115,66.08137,2.37847,1.25234,0,0,0.03343431,E00-110 Hall A,https://doi.org/10.1103/PhysRevC.92.055202,False,False,0.0,0.00588727441181401,0.0,0.38181818181818183,False,True,True,False,False,False,False,False,-2.748893571891069,,,,,,False,False,xsec_nonpositive_or_missing;xsec_error_nonpositive_or_missing,False
2465,136,14,5.7572,1.608,0.391,-0.323,217.5,0.0,0.0,-0.022441085,0.005768882,0.0,0.0,0.0,0.0,-0.0098,0.0048,0.0012,0.0032,-2.36247,0.93638,1.85115,66.08137,2.37847,1.25234,0,0,0.03343431,E00-110 Hall A,https://doi.org/10.1103/PhysRevC.92.055202,False,False,0.0,0.005768882040742382,0.0,0.326530612244898,False,True,True,False,False,False,False,False,-2.4870941840919194,,,,,,False,False,xsec_nonpositive_or_missing;xsec_error_nonpositive_or_missing,False
2466,136,15,5.7572,1.608,0.391,-0.323,232.5,0.0,0.0,0.006620986,0.004295346,0.0,0.0,0.0,0.0,0.0018,0.0039,0.0018,0.0,-2.36247,0.93638,1.85115,66.08137,2.37847,1.25234,0,0,0.03343431,E00-110 Hall A,https://doi.org/10.1103/PhysRevC.92.055202,False,False,0.0,0.004295346318982905,0.0,0.46153846153846156,False,True,True,False,False,False,False,False,-2.2252947962927703,,,,,,False,False,xsec_nonpositive_or_missing;xsec_error_nonpositive_or_missing,False
2467,136,16,5.7572,1.608,0.391,-0.323,247.5,0.0,0.0,-0.009118465,0.004750789,0.0,0.0,0.0,0.0,-0.0117,0.0041,0.0024,0.0,-2.36247,0.93638,1.85115,66.08137,2.37847,1.25234,0,0,0.03343431,E00-110 Hall A,https://doi.org/10.1103/PhysRevC.92.055202,False,False,0.0,0.004750789408087881,0.0,0.2051282051282051,False,True,True,False,False,False,False,False,-1.9634954084936207,,,,,,False,False,xsec_nonpositive_or_missing;xsec_error_nonpositive_or_missing,False
2468,136,17,5.7572,1.608,0.391,-0.323,262.5,0.0,0.0,-0.009398477,0.004554119,0.0,0.0,0.0,0.0,-0.015,0.0043,0.0004,0.0015,-2.36247,0.93638,1.85115,66.08137,2.37847,1.25234,0,0,0.03343431,E00-110 Hall A,https://doi.org/10.1103/PhysRevC.92.055202,False,False,0.0,0.00455411901469428,0.0,0.1,False,True,True,False,False,False,False,False,-1.7016960206944713,,,,,,False,False,xsec_nonpositive_or_missing;xsec_error_nonpositive_or_missing,False
2469,136,18,5.7572,1.608,0.391,-0.323,277.5,0.0,0.0,-0.019179708,0.005056679,0.0,0.0,0.0,0.0,-0.0121,0.0046,0.0016,0.0021,-2.36247,0.93638,1.85115,66.08137,2.37847,1.25234,0,0,0.03343431,E00-110 Hall A,https://doi.org/10.1103/PhysRevC.92.055202,False,False,0.0,0.005056678751908213,0.0,0.17355371900826447,False,True,True,False,False,False,False,False,-1.4398966328953218,,,,,,False,False,xsec_nonpositive_or_missing;xsec_error_nonpositive_or_missing,False
2470,136,19,5.7572,1.608,0.391,-0.323,292.5,0.0,0.0,-0.006042981,0.0089627,0.0,0.0,0.0,0.0,-0.0042,0.0052,0.0,0.0073,-2.36247,0.93638,1.85115,66.08137,2.37847,1.25234,0,0,0.03343431,E00-110 Hall A,https://doi.org/10.1103/PhysRevC.92.055202,False,False,0.0,0.008962700485902673,0.0,1.403846153846154,False,True,True,False,False,False,False,False,-1.1780972450961724,,,,,,False,False,xsec_nonpositive_or_missing;xsec_error_nonpositive_or_missing,False
2471,136,20,5.7572,1.608,0.391,-0.323,307.5,0.0,0.0,-0.003958086,0.007907591,0.0,0.0,0.0,0.0,0.0018,0.0067,0.0,0.0042,-2.36247,0.93638,1.85115,66.08137,2.37847,1.25234,0,0,0.03343431,E00-110 Hall A,https://doi.org/10.1103/PhysRevC.92.055202,False,False,0.0,0.007907591289387686,0.0,0.626865671641791,False,True,True,False,False,False,False,False,-0.9162978572970231,,,,,,False,False,xsec_nonpositive_or_missing;xsec_error_nonpositive_or_missing,False
2472,136,21,5.7572,1.608,0.391,-0.323,322.5,0.0,0.0,-0.002229243,0.012278844,0.0,0.0,0.0,0.0,-0.015,0.0094,0.0079,0.0,-2.36247,0.93638,1.85115,66.08137,2.37847,1.25234,0,0,0.03343431,E00-110 Hall A,https://doi.org/10.1103/PhysRevC.92.055202,False,False,0.0,0.012278843593759145,0.0,0.5266666666666667,False,True,True,False,False,False,False,False,-0.6544984694978736,,,,,,False,False,xsec_nonpositive_or_missing;xsec_error_nonpositive_or_missing,False
2473,136,22,5.7572,1.608,0.391,-0.323,337.5,0.0,0.0,-0.029973961,0.015940201,0.0,0.0,0.0,0.0,-0.0087,0.0128,0.0095,0.0,-2.36247,0.93638,1.85115,66.08137,2.37847,1.25234,0,0,0.03343431,E00-110 Hall A,https://doi.org/10.1103/PhysRevC.92.055202,False,False,0.0,0.015940200751558935,0.0,0.7421875,False,True,True,False,False,False,False,False,-0.39269908169872414,,,,,,False,False,xsec_nonpositive_or_missing;xsec_error_nonpositive_or_missing,False
2474,136,23,5.7572,1.608,0.391,-0.323,352.5,0.0,0.0,-0.002774071,0.017090641,0.0,0.0,0.0,0.0,-0.0102,0.0155,0.0,0.0072,-2.36247,0.93638,1.85115,66.08137,2.37847,1.25234,0,0,0.03343431,E00-110 Hall A,https://doi.org/10.1103/PhysRevC.92.055202,False,False,0.0,0.017090640713560156,0.0,0.46451612903225803,False,True,True,False,False,False,False,False,-0.1308996938995747,,,,,,False,False,xsec_nonpositive_or_missing;xsec_error_nonpositive_or_missing,False
2475,137,0,5.7572,1.633,0.399,-0.37,7.5,0.0,0.0,0.045639282,0.026285547,0.0,0.0,0.0,0.0,0.0127,0.0207,0.0,0.0162,-2.30124,0.83531,1.75676,56.33641,2.18421,1.18922,0,0,0.029451003,E00-110 Hall A,https://doi.org/10.1103/PhysRevC.92.055202,False,False,0.0,0.02628554735971842,0.0,0.7826086956521738,False,True,True,False,False,False,False,False,0.1308996938995747,,,,,,False,False,xsec_nonpositive_or_missing;xsec_error_nonpositive_or_missing,False
2476,137,1,5.7572,1.633,0.399,-0.37,22.5,0.0,0.0,0.041703764,0.016506059,0.0,0.0,0.0,0.0,0.0257,0.0163,0.0026,0.0013,-2.30124,0.83531,1.75676,56.33641,2.18421,1.18922,0,0,0.029451003,E00-110 Hall A,https://doi.org/10.1103/PhysRevC.92.055202,False,False,0.0,0.016506059493410292,0.0,0.10116731517509726,False,True,True,False,False,False,False,False,0.39269908169872414,,,,,,False,False,xsec_nonpositive_or_missing;xsec_error_nonpositive_or_missing,False
2477,137,2,5.7572,1.633,0.399,-0.37,37.5,0.0,0.0,0.002293418,0.016487874,0.0,0.0,0.0,0.0,0.0252,0.0112,0.0,0.0121,-2.30124,0.83531,1.75676,56.33641,2.18421,1.18922,0,0,0.029451003,E00-110 Hall A,https://doi.org/10.1103/PhysRevC.92.055202,False,False,0.0,0.01648787433236923,0.0,0.4801587301587301,False,True,True,False,False,False,False,False,0.6544984694978736,,,,,,False,False,xsec_nonpositive_or_missing;xsec_error_nonpositive_or_missing,False
2478,137,3,5.7572,1.633,0.399,-0.37,52.5,0.0,0.0,0.025520344,0.008697701,0.0,0.0,0.0,0.0,0.0163,0.0083,0.0026,0.0018,-2.30124,0.83531,1.75676,56.33641,2.18421,1.18922,0,0,0.029451003,E00-110 Hall A,https://doi.org/10.1103/PhysRevC.92.055202,False,False,0.0,0.008697700845625813,0.0,0.15950920245398773,False,True,True,False,False,False,False,False,0.9162978572970231,,,,,,False,False,xsec_nonpositive_or_missing;xsec_error_nonpositive_or_missing,False
2479,137,4,5.7572,1.633,0.399,-0.37,67.5,0.0,0.0,0.016329525,0.009202174,0.0,0.0,0.0,0.0,0.0117,0.0062,0.0,0.0068,-2.30124,0.83531,1.75676,56.33641,2.18421,1.18922,0,0,0.029451003,E00-110 Hall A,https://doi.org/10.1103/PhysRevC.92.055202,False,False,0.0,0.009202173656261872,0.0,0.5811965811965811,False,True,True,False,False,False,False,False,1.1780972450961724,,,,,,False,False,xsec_nonpositive_or_missing;xsec_error_nonpositive_or_missing,False
2480,137,5,5.7572,1.633,0.399,-0.37,82.5,0.0,0.0,0.001368654,0.00537122,0.0,0.0,0.0,0.0,0.0069,0.0049,0.0006,0.0022,-2.30124,0.83531,1.75676,56.33641,2.18421,1.18922,0,0,0.029451003,E00-110 Hall A,https://doi.org/10.1103/PhysRevC.92.055202,False,False,0.0,0.005371219600798314,0.0,0.31884057971014496,False,True,True,False,False,False,False,False,1.4398966328953218,,,,,,False,False,xsec_nonpositive_or_missing;xsec_error_nonpositive_or_missing,False
2481,137,6,5.7572,1.633,0.399,-0.37,97.5,0.0,0.0,0.020517119,0.00523259,0.0,0.0,0.0,0.0,0.0189,0.0047,0.0014,0.0023,-2.30124,0.83531,1.75676,56.33641,2.18421,1.18922,0,0,0.029451003,E00-110 Hall A,https://doi.org/10.1103/PhysRevC.92.055202,False,False,0.0,0.005232590180780452,0.0,0.12169312169312169,False,True,True,False,False,False,False,False,1.7016960206944713,,,,,,False,False,xsec_nonpositive_or_missing;xsec_error_nonpositive_or_missing,False
2482,137,7,5.7572,1.633,0.399,-0.37,112.5,0.0,0.0,0.000616518,0.006717887,0.0,0.0,0.0,0.0,0.0022,0.0047,0.0048,0.0008,-2.30124,0.83531,1.75676,56.33641,2.18421,1.18922,0,0,0.029451003,E00-110 Hall A,https://doi.org/10.1103/PhysRevC.92.055202,False,False,0.0,0.006717886572427373,0.0,1.0212765957446808,False,True,True,False,False,False,False,False,1.9634954084936207,,,,,,False,False,xsec_nonpositive_or_missing;xsec_error_nonpositive_or_missing,False
2483,137,8,5.7572,1.633,0.399,-0.37,127.5,0.0,0.0,0.017448023,0.009245539,0.0,0.0,0.0,0.0,0.0071,0.0058,0.0003,0.0072,-2.30124,0.83531,1.75676,56.33641,2.18421,1.18922,0,0,0.029451003,E00-110 Hall A,https://doi.org/10.1103/PhysRevC.92.055202,False,False,0.0,0.009245539465060976,0.0,1.0140845070422535,False,True,True,False,False,False,False,False,2.2252947962927703,,,,,,False,False,xsec_nonpositive_or_missing;xsec_error_nonpositive_or_missing,False
2484,137,9,5.7572,1.633,0.399,-0.37,142.5,0.0,0.0,0.01063464,0.008352844,0.0,0.0,0.0,0.0,-0.0015,0.0071,0.0044,0.0028,-2.30124,0.83531,1.75676,56.33641,2.18421,1.18922,0,0,0.029451003,E00-110 Hall A,https://doi.org/10.1103/PhysRevC.92.055202,False,False,0.0,0.008352843827104635,0.0,0.6197183098591549,False,True,True,False,False,False,False,False,2.4870941840919194,,,,,,False,False,xsec_nonpositive_or_missing;xsec_error_nonpositive_or_missing,False
2485,137,10,5.7572,1.633,0.399,-0.37,157.5,0.0,0.0,0.008158994,0.011610771,0.0,0.0,0.0,0.0,0.0091,0.0109,0.0035,0.004,-2.30124,0.83531,1.75676,56.33641,2.18421,1.18922,0,0,0.029451003,E00-110 Hall A,https://doi.org/10.1103/PhysRevC.92.055202,False,False,0.0,0.01161077086157504,0.0,0.3669724770642202,False,True,True,False,False,False,False,False,2.748893571891069,,,,,,False,False,xsec_nonpositive_or_missing;xsec_error_nonpositive_or_missing,False
2486,137,11,5.7572,1.633,0.399,-0.37,172.5,0.0,0.0,-0.104683879,0.041413283,0.0,0.0,0.0,0.0,-0.0183,0.0235,0.0,0.0341,-2.30124,0.83531,1.75676,56.33641,2.18421,1.18922,0,0,0.029451003,E00-110 Hall A,https://doi.org/10.1103/PhysRevC.92.055202,False,False,0.0,0.04141328289329403,0.0,1.451063829787234,False,True,True,False,False,False,False,False,3.0106929596902186,,,,,,False,False,xsec_nonpositive_or_missing;xsec_error_nonpositive_or_missing,False
2487,137,12,5.7572,1.633,0.399,-0.37,187.5,0.0,0.0,-0.051465291,0.017007351,0.0,0.0,0.0,0.0,-0.0281,0.0155,0.0056,0.007,-2.30124,0.83531,1.75676,56.33641,2.18421,1.18922,0,0,0.029451003,E00-110 Hall A,https://doi.org/10.1103/PhysRevC.92.055202,False,False,0.0,0.017007351351694948,0.0,0.2491103202846975,False,True,True,False,False,False,False,False,-3.0106929596902186,,,,,,False,False,xsec_nonpositive_or_missing;xsec_error_nonpositive_or_missing,False
2488,137,13,5.7572,1.633,0.399,-0.37,202.5,0.0,0.0,0.002002434,0.012108262,0.0,0.0,0.0,0.0,0.0006,0.009,0.0,0.0081,-2.30124,0.83531,1.75676,56.33641,2.18421,1.18922,0,0,0.029451003,E00-110 Hall A,https://doi.org/10.1103/PhysRevC.92.055202,False,False,0.0,0.01210826164236634,0.0,0.9,False,True,True,False,False,False,False,False,-2.748893571891069,,,,,,False,False,xsec_nonpositive_or_missing;xsec_error_nonpositive_or_missing,False
2489,137,14,5.7572,1.633,0.399,-0.37,217.5,0.0,0.0,-0.017106473,0.007749194,0.0,0.0,0.0,0.0,0.0001,0.0074,0.0023,0.0008,-2.30124,0.83531,1.75676,56.33641,2.18421,1.18922,0,0,0.029451003,E00-110 Hall A,https://doi.org/10.1103/PhysRevC.92.055202,False,False,0.0,0.007749193506423749,0.0,0.3108108108108108,False,True,True,False,False,False,False,False,-2.4870941840919194,,,,,,False,False,xsec_nonpositive_or_missing;xsec_error_nonpositive_or_missing,False
2490,137,15,5.7572,1.633,0.399,-0.37,232.5,0.0,0.0,0.003470314,0.006053924,0.0,0.0,0.0,0.0,-0.0019,0.0056,0.0023,0.0002,-2.30124,0.83531,1.75676,56.33641,2.18421,1.18922,0,0,0.029451003,E00-110 Hall A,https://doi.org/10.1103/PhysRevC.92.055202,False,False,0.0,0.006053924347066124,0.0,0.4107142857142857,False,True,True,False,False,False,False,False,-2.2252947962927703,,,,,,False,False,xsec_nonpositive_or_missing;xsec_error_nonpositive_or_missing,False
2491,137,16,5.7572,1.633,0.399,-0.37,247.5,0.0,0.0,-0.011674753,0.005263079,0.0,0.0,0.0,0.0,-0.0109,0.0051,0.0008,0.0013,-2.30124,0.83531,1.75676,56.33641,2.18421,1.18922,0,0,0.029451003,E00-110 Hall A,https://doi.org/10.1103/PhysRevC.92.055202,False,False,0.0,0.0052630789467763076,0.0,0.11926605504587155,False,True,True,False,False,False,False,False,-1.9634954084936207,,,,,,False,False,xsec_nonpositive_or_missing;xsec_error_nonpositive_or_missing,False
2492,137,17,5.7572,1.633,0.399,-0.37,262.5,0.0,0.0,0.005734728,0.006868042,0.0,0.0,0.0,0.0,-0.0055,0.0046,0.0003,0.0051,-2.30124,0.83531,1.75676,56.33641,2.18421,1.18922,0,0,0.029451003,E00-110 Hall A,https://doi.org/10.1103/PhysRevC.92.055202,False,False,0.0,0.00686804193347711,0.0,0.9272727272727274,False,True,True,False,False,False,False,False,-1.7016960206944713,,,,,,False,False,xsec_nonpositive_or_missing;xsec_error_nonpositive_or_missing,False
2493,137,18,5.7572,1.633,0.399,-0.37,277.5,0.0,0.0,-0.005454402,0.004981967,0.0,0.0,0.0,0.0,-0.0058,0.0049,0.0009,0.0005,-2.30124,0.83531,1.75676,56.33641,2.18421,1.18922,0,0,0.029451003,E00-110 Hall A,https://doi.org/10.1103/PhysRevC.92.055202,False,False,0.0,0.00498196748283246,0.0,0.15517241379310345,False,True,True,False,False,False,False,False,-1.4398966328953218,,,,,,False,False,xsec_nonpositive_or_missing;xsec_error_nonpositive_or_missing,False
2494,137,19,5.7572,1.633,0.399,-0.37,292.5,0.0,0.0,0.014705467,0.011038569,0.0,0.0,0.0,0.0,-0.0117,0.0061,0.0092,0.0,-2.30124,0.83531,1.75676,56.33641,2.18421,1.18922,0,0,0.029451003,E00-110 Hall A,https://doi.org/10.1103/PhysRevC.92.055202,False,False,0.0,0.01103856874780422,0.0,0.7863247863247863,False,True,True,False,False,False,False,False,-1.1780972450961724,,,,,,False,False,xsec_nonpositive_or_missing;xsec_error_nonpositive_or_missing,False
2495,137,20,5.7572,1.633,0.399,-0.37,307.5,0.0,0.0,-0.006082594,0.008221922,0.0,0.0,0.0,0.0,-0.0117,0.0078,0.0026,0.0009,-2.30124,0.83531,1.75676,56.33641,2.18421,1.18922,0,0,0.029451003,E00-110 Hall A,https://doi.org/10.1103/PhysRevC.92.055202,False,False,0.0,0.008221921916437785,0.0,0.2222222222222222,False,True,True,False,False,False,False,False,-0.9162978572970231,,,,,,False,False,xsec_nonpositive_or_missing;xsec_error_nonpositive_or_missing,False
2496,137,21,5.7572,1.633,0.399,-0.37,322.5,0.0,0.0,-0.007258454,0.013482581,0.0,0.0,0.0,0.0,-0.0149,0.0117,0.0067,0.0005,-2.30124,0.83531,1.75676,56.33641,2.18421,1.18922,0,0,0.029451003,E00-110 Hall A,https://doi.org/10.1103/PhysRevC.92.055202,False,False,0.0,0.013482581355215328,0.0,0.44966442953020136,False,True,True,False,False,False,False,False,-0.6544984694978736,,,,,,False,False,xsec_nonpositive_or_missing;xsec_error_nonpositive_or_missing,False
2497,137,22,5.7572,1.633,0.399,-0.37,337.5,0.0,0.0,-0.029960999,0.025753058,0.0,0.0,0.0,0.0,-0.0287,0.0201,0.0161,0.0006,-2.30124,0.83531,1.75676,56.33641,2.18421,1.18922,0,0,0.029451003,E00-110 Hall A,https://doi.org/10.1103/PhysRevC.92.055202,False,False,0.0,0.025753058070838886,0.0,0.5609756097560975,False,True,True,False,False,False,False,False,-0.39269908169872414,,,,,,False,False,xsec_nonpositive_or_missing;xsec_error_nonpositive_or_missing,False
2498,137,23,5.7572,1.633,0.399,-0.37,352.5,0.0,0.0,0.032804408,0.024512242,0.0,0.0,0.0,0.0,-0.0435,0.0231,0.0082,0.0,-2.30124,0.83531,1.75676,56.33641,2.18421,1.18922,0,0,0.029451003,E00-110 Hall A,https://doi.org/10.1103/PhysRevC.92.055202,False,False,0.0,0.024512241839538054,0.0,0.1885057471264368,False,True,True,False,False,False,False,False,-0.1308996938995747,,,,,,False,False,xsec_nonpositive_or_missing;xsec_error_nonpositive_or_missing,False
3260,174,7,5.88,1.303,0.155,-0.865,112.1,-493.4600034,1417.41,-0.003408245,0.008527611,0.0217724,0.00762392,1417.41,1417.41,-0.0027693,0.00725188,0.00448669,0.00448669,-2.3464,-0.0657,1.08571,69.34771,1.32794,0.77512,0,0,0.014532696,e1-DVCS2 Hall B,https://journals.aps.org/prc/abstract/10.1103/PhysRevC.98.045203,False,False,1417.4100000205037,0.008527611077582044,65101.229079017474,0.6186933595150499,False,False,False,True,False,False,False,False,1.9565140914856438,,,,,,False,False,xsec_systematic_anomaly,False
3366,180,17,5.88,1.426,0.155,-0.34,308.3,1.160854154,1.427698634,-1.267544957,1.756431759,0.950557,0.05497,1.42664,1.42664,-0.0723036,0.0411354,1.75595,1.75595,-3.36011,0.79906,1.81615,181.73055,4.29449,1.82976,0,0,0.03425691,e1-DVCS2 Hall B,https://journals.aps.org/prc/abstract/10.1103/PhysRevC.98.045203,False,False,1.4276986343412954,1.7564317588887874,1.5008463458793107,24.28578936595135,False,False,False,False,False,False,True,False,-0.9023352232810682,,,,,,False,False,xsec_diff_systematic_anomaly,False
3440,184,13,5.88,1.424,0.156,-1.382,352.7,0.052706057,0.108343408,-0.002289759,0.047634574,0.0324469,0.00243686,0.108316,0.108316,-0.000180818,0.0018406,0.047599,0.047599,-1.55255,-0.17605,0.72544,40.91662,0.50269,0.3342,0,0,0.00545779,e1-DVCS2 Hall B,https://journals.aps.org/prc/abstract/10.1103/PhysRevC.98.045203,False,False,0.10834340839506389,0.047634573676689926,3.33825419377506,25.860588938389657,False,False,False,False,False,False,True,False,-0.12740903539558526,,,,,,False,False,xsec_diff_systematic_anomaly,False
3603,193,9,5.88,1.485,0.186,-1.38,352.9,2.427024593,8.447860595,7.816437237,5.24772054,0.0512286,0.00317188,8.44786,8.44786,-0.00056418,0.00238149,5.24772,5.24772,-1.53724,-0.16691,0.72647,33.81489,0.48927,0.37138,0,0,0.005924627,e1-DVCS2 Hall B,https://journals.aps.org/prc/abstract/10.1103/PhysRevC.98.045203,False,False,8.44786059546574,5.247720540376995,164.90515063851052,2203.544839575224,False,False,False,True,False,False,True,False,-0.12391837689159779,,,,,,False,False,xsec_systematic_anomaly;xsec_diff_systematic_anomaly,False
4050,218,7,5.88,1.936,0.215,-0.604,142.3,-3419.606743,1427.17,-0.014509152,0.009811097,0.0100164,0.00324762,1427.17,1427.17,-0.00784761,0.00350112,0.00916514,0.00916514,-2.65151,0.2658,1.37922,70.78729,1.96047,1.1493,0,0,0.008551546,e1-DVCS2 Hall B,https://journals.aps.org/prc/abstract/10.1103/PhysRevC.98.045203,False,False,1427.1700000036951,0.009811097414356868,142483.32734315723,1.1678893319112444,False,False,False,True,False,False,False,False,2.483603525587931,,,,,,False,False,xsec_systematic_anomaly,False
4384,235,19,5.88,2.141,0.245,-0.45,322.1,20.59851038,386.0000007,300.9228504,386.0000004,0.349959,0.0229538,386.0,386.0,-0.0910052,0.0178712,386.0,386.0,-2.77833,0.57231,1.61191,82.63009,2.49843,1.3632,0,0,0.009133804,e1-DVCS2 Hall B,https://journals.aps.org/prc/abstract/10.1103/PhysRevC.98.045203,False,False,386.00000068248306,386.0000004137044,1102.9863498295515,4241.515869422847,False,False,False,True,False,False,True,False,-0.6614797865058505,,,,,,False,False,xsec_systematic_anomaly;xsec_diff_systematic_anomaly,False
4420,237,16,5.88,2.149,0.245,-0.919,336.0,-0.791081251,1.285746392,0.477022383,0.663992582,0.117516,0.00967374,1.28571,1.28571,-0.000786345,0.00734106,0.663952,0.663952,-2.06213,0.00772,1.03677,39.08122,1.05223,0.76157,0,0,0.004158225,e1-DVCS2 Hall B,https://journals.aps.org/prc/abstract/10.1103/PhysRevC.98.045203,False,False,1.2857463923128805,0.6639925823877278,10.940722965383436,90.44361440990811,False,False,False,False,False,False,True,False,-0.4188790204786391,,,,,,False,False,xsec_diff_systematic_anomaly,False
4723,254,8,5.88,2.416,0.275,-0.604,172.5,-6.400296347,8.00000704,0.000827817,0.00120022,0.00149117,0.00119707,8.00000695,8.00000695,0.00149117,0.00119707,8.69e-05,8.69e-05,-2.44819,0.33859,1.37922,53.48253,1.77258,1.10064,0,0,0.005038941,e1-DVCS2 Hall B,https://journals.aps.org/prc/abstract/10.1103/PhysRevC.98.045203,False,False,8.000007039560957,0.0012002200610304761,5364.919459216588,0.05827638699812898,False,False,False,True,False,False,False,False,3.0106929596902186,,,,,,False,False,xsec_systematic_anomaly,False
4731,254,16,5.88,2.383,0.275,-0.609,323.0,0.073636956,0.391946341,0.048708907,0.230537244,0.111347,0.00634376,0.391895,0.391895,-0.0109842,0.00481288,0.230487,0.230487,-2.44097,0.33176,1.37253,53.02518,1.75689,1.09437,0,0,0.00522048,e1-DVCS2 Hall B,https://journals.aps.org/prc/abstract/10.1103/PhysRevC.98.045203,False,False,0.3919463411181913,0.23053724424243124,3.519582925449271,20.98350357786639,False,False,False,False,False,False,True,False,-0.6457718232379019,,,,,,False,False,xsec_diff_systematic_anomaly,False
4992,270,2,5.88,2.653,0.304,-0.342,51.9,0.830589262,0.052537416,0.068477999,0.006857196,0.893265,0.00599198,0.0521946,0.0521946,0.071171,0.00452243,0.00515449,0.00515449,-2.66053,0.8675,1.8121,84.68383,2.71023,1.41683,0,0,0.006412214,e1-DVCS2 Hall B,https://journals.aps.org/prc/abstract/10.1103/PhysRevC.98.045203,False,False,0.05253741612870203,0.006857196239353224,0.05843126060015785,0.07242402101979739,False,False,False,False,False,False,False,False,0.9058258817850572,0.1503451483285146,14.14077635359034,0.03863853803544303,4.744280436055517,5.941428838449472,True,False,local_xsec_catastrophic_outlier,False
5008,270,18,5.88,2.653,0.304,-0.342,308.1,0.984336997,0.061966514,-0.183731754,0.013126796,1.05087,0.00815167,0.061428,0.061428,-0.189748,0.00623818,0.0115498,0.0115498,-2.66053,0.8675,1.8121,84.68383,2.71023,1.41683,0,0,0.006412214,e1-DVCS2 Hall B,https://journals.aps.org/prc/abstract/10.1103/PhysRevC.98.045203,False,False,0.061966514407290174,0.013126795867705113,0.05845442347768992,0.060869152771043704,False,False,False,False,False,False,False,False,-0.9058258817850566,0.1503451483285147,14.532443212031644,-0.038638538035443044,-11.5115267646022,6.989716739670078,True,True,local_xsec_catastrophic_outlier;local_xsec_diff_catastrophic_outlier,False
5175,281,19,5.88,2.254,0.335,-0.605,352.2,0.358491928,1.434380822,-0.957536363,0.630343414,0.15608,0.00772865,1.43436,1.43436,0.00372785,0.0058787,0.630316,0.630316,-2.26069,0.4005,1.37788,42.30354,1.64873,1.04461,0,0,0.007147222,e1-DVCS2 Hall B,https://journals.aps.org/prc/abstract/10.1103/PhysRevC.98.045203,False,False,1.434380821689562,0.6303434135213043,9.189902614044081,107.22030380866518,False,False,False,False,False,False,True,False,-0.13613568165555692,,,,,,False,False,xsec_diff_systematic_anomaly,False
5192,282,16,5.88,2.264,0.335,-0.883,338.0,-0.054422581,0.329347579,-0.043752307,0.306262545,0.055956,0.00263973,0.329337,0.329337,-0.0023045,0.00200216,0.306256,0.306256,-1.92312,0.13106,1.06902,28.31796,1.0786,0.79769,0,0,0.004866545,e1-DVCS2 Hall B,https://journals.aps.org/prc/abstract/10.1103/PhysRevC.98.045203,False,False,0.3293475789245655,0.3062625445278374,5.885642290371006,132.89477110002167,False,False,False,False,False,False,True,False,-0.3839724354387525,,,,,,False,False,xsec_diff_systematic_anomaly,False
5590,306,8,5.88,3.048,0.365,-0.869,262.9,-5013.305387,1485.17,-0.001671849,0.000941575,0.00342529,0.000912834,1485.17,1485.17,-0.00124847,0.000842098,0.00042123,0.00042123,-1.87518,0.17307,1.08197,25.96731,1.09393,0.80168,0,0,0.002020291,e1-DVCS2 Hall B,https://journals.aps.org/prc/abstract/10.1103/PhysRevC.98.045203,False,False,1485.1700000002804,0.0009415751454366242,433589.56467919506,0.3373969738960487,False,False,False,True,False,False,False,False,-1.6947147036864945,,,,,,False,False,xsec_systematic_anomaly,False
5660,312,5,5.88,2.562,0.4,-0.606,112.2,690.6390047,1814.95,1253.596282,1814.95,0.0136766,0.0109658,1814.95,1814.95,0.00870327,0.0111298,1814.95,1814.95,-2.07173,0.45873,1.37654,33.98758,1.54992,0.97942,0,0,0.005171691,e1-DVCS2 Hall B,https://journals.aps.org/prc/abstract/10.1103/PhysRevC.98.045203,False,False,1814.9500000331273,1814.9500000341257,132704.7658043666,163071.21421768586,False,False,False,True,False,False,True,False,1.9582594207376376,,,,,,False,False,xsec_systematic_anomaly;xsec_diff_systematic_anomaly,False
5819,322,8,5.88,2.844,0.432,-0.276,322.6,-297.0116623,1416.88,0.000870158,0.003099529,0.0230516,0.0033053,1416.88,1416.88,-0.00101588,0.00286571,0.00118101,0.00118101,-2.25869,1.04913,1.95337,67.94376,2.37761,1.21146,0,0,0.006204676,e1-DVCS2 Hall B,https://journals.aps.org/prc/abstract/10.1103/PhysRevC.98.045203,False,False,1416.8800000038555,0.0030995287422767998,61465.58156483716,0.4121177648820013,False,False,False,True,False,False,False,False,-0.6527531402458788,,,,,,False,False,xsec_systematic_anomaly,False
5855,325,10,5.88,3.162,0.468,-0.606,247.7,3256.410338,1626.64,62.79311376,1424.99,0.00318926,0.00296015,1626.64,1626.64,0.00144966,0.00315325,1424.99,1424.99,-1.88645,0.51227,1.37654,27.81462,1.46571,0.90806,0,0,0.002785514,e1-DVCS2 Hall B,https://journals.aps.org/prc/abstract/10.1103/PhysRevC.98.045203,False,False,1626.6400000026933,1424.9900000034888,510036.8110470768,451911.51986046147,False,False,False,True,False,False,True,False,-1.9600047499896323,,,,,,False,False,xsec_systematic_anomaly;xsec_diff_systematic_anomaly,False
5974,333,12,5.88,3.966,0.497,-1.462,337.1,0.005218698,0.00076102,-0.001971847,0.000471376,0.00584651,0.000338519,0.000681584,0.000681584,-0.00140581,0.000254275,0.000396913,0.000396913,-1.18911,0.03747,0.68613,9.8123,0.58718,0.51343,0,0,0.000629326,e1-DVCS2 Hall B,https://journals.aps.org/prc/abstract/10.1103/PhysRevC.98.045203,False,False,0.0007610202772705863,0.0004713763943962404,0.11657963468804466,0.28233758473762455,False,False,False,False,False,False,False,True,-0.3996803987067011,,,,,,False,False,exact_duplicate,False
6453,353,22,4.487,2.717,0.485,-0.539820254,337.5,-0.026662903,0.054157645,-0.079682267,0.046590562,-0.02318,0.03843,0.03816,0.00289,-0.02318,0.03766,0.01579,0.02743,-1.8986,0.60279,1.46964,29.91977,1.56337,0.92856,0,0,0.004486751,E12-06-114 Hall A,https://journals.aps.org/prl/abstract/10.1103/PhysRevLett.128.252002,False,False,0.05415764488971063,0.046590562349042325,0.9929742388758782,0.7283590015932023,False,True,False,False,False,False,False,False,-0.39269908169872414,,,,,,False,False,xsec_nonpositive_or_missing,False
6454,353,23,4.487,2.717,0.485,-0.539820254,352.5,-0.008778733,0.126114682,0.004590501,0.261942685,-0.09057,0.0906,0.08773,0.06939,-0.00648,0.1177,0.05285,0.23401,-1.8986,0.60279,1.46964,29.91977,1.56337,0.92856,0,0,0.004486751,E12-06-114 Hall A,https://journals.aps.org/prl/abstract/10.1103/PhysRevLett.128.252002,False,False,0.12611468154025526,0.2619426847613806,0.9683222958057396,1.9881903143585387,False,True,False,False,False,False,False,False,-0.1308996938995747,,,,,,False,False,xsec_nonpositive_or_missing,False
6814,368,23,10.992,7.102,0.498,-0.855613164,352.5,0.000186639,0.000670671,-0.000434366,0.00027074,-0.00011,0.00067,2e-05,3e-05,5e-05,0.00027,2e-05,1e-05,-1.6019,0.31265,1.09457,17.77971,1.08606,0.74929,0,0,0.000196336,E12-06-114 Hall A,https://journals.aps.org/prl/abstract/10.1103/PhysRevLett.128.252002,False,False,0.0006706713054842887,0.00027073972741361766,0.04477611940298507,0.07407407407407408,False,True,False,False,False,False,False,False,-0.1308996938995747,,,,,,False,False,xsec_nonpositive_or_missing,False
